title,views
Polska,25762735
Biblia,21746464
Elżbieta II,14396728
Robert Lewandowski,11739975
Warszawa,11414370
Stany Zjednoczone,11035629
Jan Paweł II,10741016
Facebook,10689932
YouTube,9213775
Ukraina,9086499
Strona główna,9065229
Cristiano Ronaldo,8134689
II wojna światowa,8099865
Rosja,8062468
Donald Trump,7907970
I wojna światowa,7873819
Niemcy,7792664
NATO,7720602
Józef Piłsudski,7422167
Adolf Hitler,7018774
Władimir Putin,7003537
Wielka Brytania,6985814
Liga Mistrzów UEFA,6776907
Fryderyk Chopin,6717580
Izrael,6566899
Unia Europejska,6508573
Freddie Mercury,6485414
Gwiezdne wojny,6420445
Kraków,6360671
Maria Skłodowska-Curie,6294843
Powstanie warszawskie,6293849
Hymn Polski,6287380
Jarosław Kaczyński,6213762
Lionel Messi,6006990
Adam Mickiewicz,5915735
Wrocław,5848859
Andrzej Duda,5818202
Malta,5713557
Stopnie wojskowe w Polsce,5677007
Zespół Aspergera,5630785
Szwajcaria,5591065
Autostrady i drogi ekspresowe w Polsce,5456723
Franciszek (papież),5331937
Donald Tusk,5316849
Reprezentacja Polski w piłce nożnej mężczyzn,5309221
Mateusz Morawiecki,5273404
RMS Titanic,5271020
Mikołaj Kopernik,5216792
Kleopatra,5216375
Hiszpania,5200814
Kanada,5175565
Kazimierz III Wielki,5175163
Miasta w Polsce,5170680
Elon Musk,5121114
Rzeź wołyńska,5112664
Francja,5062019
Pablo Escobar,5046789
Kamil Stoch,5020143
Prezydenci Stanów Zjednoczonych,4975621
James Bond,4964672
Związek Socjalistycznych Republik Radzieckich,4961213
Iga Świątek,4960199
Turcja,4952188
Włochy,4939235
Maryla Rodowicz,4935682
Japonia,4912474
Mistrzostwa Świata w Piłce Nożnej 2022,4893302
Małgorzata Windsor (księżniczka),4879638
Holandia,4863680
Australia,4820340
Mistrzostwa Europy w Piłce Nożnej 2020,4814876
Województwo,4729592
Chińska Republika Ludowa,4728820
Alfabet polski,4724930
Islandia,4717454
Gdańsk,4672244
Państwa Europy,4667853
Diana (księżna Walii),4649801
Rafał Trzaskowski,4587838
Józef Stalin,4586350
Mistrzostwa Świata w Piłce Nożnej 2018,4577391
Order Odrodzenia Polski,4498106
Filip (książę Edynburga),4489573
Karol Nawrocki,4441163
Lech Wałęsa,4421177
Henryk Sienkiewicz,4416279
Cypr,4406746
Państwa członkowskie Unii Europejskiej,4353007
Poczet papieży,4347967
Poznań,4341822
Kalendarium dzień po dniu,4325166
Chorwacja,4319779
Łódź,4287379
Europa,4283460
Michael Jackson,4269551
Układ Słoneczny,4255208
Edward Gierek,4225690
Lista państw świata według liczby ludności,4185223
Audi A4,4181129
Czechy,4177263
Mistrzostwa Europy w Piłce Nożnej 2016,4162241
Narodowe Święto Niepodległości,4152236
Lista filmów Marvel Cinematic Universe,4138586
Napoleon Bonaparte,4124143
Władcy Polski,4124012
Władysław II Jagiełło,4110802
BMW serii 3,4094032
Indie,4077465
Siły Zbrojne Rzeczypospolitej Polskiej,4072952
Lista państw świata według powierzchni,4023343
Telewizja Polska,4022470
Nowy Jork,4003368
Iran,3996535
Islam,3979423
Harry Potter (seria filmów),3959046
Jadwiga Andegaweńska,3948523
Białoruś,3939907
Grzegorz Braun,3935136
Szwecja,3924623
Bitwa pod Grunwaldem,3892805
Wolnomularstwo,3887715
Mistrzostwa świata w piłce nożnej mężczyzn,3883090
Remigiusz Mróz,3860001
Albania,3858139
Stephen Hawking,3855078
Norwegia,3831863
Premierzy Polski,3765717
Szymon Hołownia,3736775
Katastrofa w Czarnobylskiej Elektrowni Jądrowej,3690147
Grenlandia,3678428
Prezydenci Polski,3661657
Litwa,3661222
Popek (raper),3655198
Prawo i Sprawiedliwość,3652529
Janusz Korwin-Mikke,3650543
Twoja twarz brzmi znajomo,3631673
II Rzeczpospolita,3616044
Reprezentacja Polski w piłce siatkowej mężczyzn,3605041
Albert Einstein,3601951
Katastrofa promu Jan Heweliusz,3599505
Audi A6,3580882
Korea Północna,3550535
Dania,3546249
Elvis Presley,3545959
Gruzja,3533415
Brazylia,3526234
Tadeusz Kościuszko,3519489
Czarnogóra,3506181
Polska Rzeczpospolita Ludowa,3492402
Belgia,3489320
Sanah,3475780
Węgry,3424270
Volkswagen Passat,3422892
Singapur,3394218
Rumunia,3367080
BMW serii 5,3352527
Kazachstan,3344698
Wojna wietnamska,3325369
Finlandia,3324942
Konstytucja 3 maja,3323623
Rozbiory Polski,3320491
Lublin,3320361
Rzeczpospolita Obojga Narodów,3296693
Adam Małysz,3294668
Wojciech Jaruzelski,3290495
Dancing with the Stars. Taniec z gwiazdami,3289974
Katowice,3270259
Powstanie styczniowe,3262835
Szczecin,3257143
Magda Gessler,3254532
Konfederacja Wolność i Niepodległość,3246321
Dzień Matki,3243125
Joe Biden,3239134
Sulejman Wspaniały,3218779
Organizacja Narodów Zjednoczonych,3217592
Roman Polański,3207284
Grecja,3199711
Londyn,3189053
Słowacja,3187371
Nowa Zelandia,3184387
Mieszko I,3177686
Wojna secesyjna,3176642
Lech Kaczyński,3152752
Jerzy VI Windsor,3146083
Ziemia,3140599
Bydgoszcz,3137703
Taco Hemingway,3132968
Karol (książę Walii),3131700
Jezus Chrystus,3125536
Anna Przybylska,3117714
III Rzesza,3105980
Austria,3104130
Lista kolorów,3099645
Irlandia,3094427
Witold Pilecki,3093868
Mariusz Pudzianowski,3084044
Julia Wieniawa,3066620
FC Barcelona,3058343
Meksyk,3055791
Radio Nowy Świat,3051767
Doda (piosenkarka),3050502
Jan Kochanowski,3042749
Faszyzm,3029453
Auschwitz-Birkenau,3020887
Mołdawia,3011798
Olga Tokarczuk,3011580
Stanisław August Poniatowski,3011472
Wikipedia,3008678
Żydzi,3001252
Wiktoria Hanowerska,2970643
Podział administracyjny Polski,2964978
Winston Churchill,2939542
Egipt,2936369
Żołnierze wyklęci,2931340
Morze Bałtyckie,2918037
Portugalia,2915013
Bolesław I Chrobry,2907235
Cezary Pazura,2907185
Świadkowie Jehowy,2900013
Południowa Afryka,2896310
Krzysztof Krawczyk,2878745
Sławomir Mentzen,2860330
Jakub Błaszczykowski,2855154
Kuba Wojewódzki,2854667
Alfabet grecki,2854181
Nikodem Skotarczak,2849032
Henryk VIII Tudor,2846166
Paryż,2841582
Real Madryt,2839737
Krzysztof Bosak,2823342
Kot domowy,2821662
Nikola Tesla,2818691
Maroko,2813106
Jan III Sobieski,2805431
Przedłużanie życia,2799331
Korea Południowa,2776885
Agnieszka Osiecka,2774485
Marilyn Monroe,2770406
Powstanie listopadowe,2767751
Zdzisław Beksiński,2755463
Toruń,2751880
Argentyna,2751636
Harry Potter,2750052
Rzeszów,2744623
Lista państw Europy,2742397
Eminem,2740071
Kosowo,2723622
Białystok,2712695
Monako,2712211
Krzysztof Kolumb,2706397
James Bond (seria filmów),2686648
Fame MMA,2671621
Lwów,2669075
Ludność świata,2655149
Świat według Kiepskich,2651161
Chrześcijaństwo,2646420
Bułgaria,2629084
Puchar Świata w skokach narciarskich,2624900
Komunizm,2622458
Jugosławia,2614691
Lady Gaga,2601235
Potop szwedzki,2599273
Audi A3,2597267
Luksemburg,2594444
Katarzyna II Wielka,2588034
Aleksander Kwaśniewski,2581583
Zbrodnia katyńska,2561215
Melania Trump,2554216
Sylvester Stallone,2548624
Buddyzm,2544756
Stan wojenny w Polsce (1981–1983),2537558
Wołodymyr Zełenski,2530127
Fiat 126,2516780
Mistrzostwa Świata w Piłce Nożnej 2026,2514506
Olsztyn,2510958
Alfabet,2509894
Lista państw świata według PKB nominalnego,2499895
Ariana Grande,2499879
Pi,2495661
Benedykt XVI,2490756
Słowenia,2480319
Wieża Eiffla,2470534
Mistrzostwa Europy w Piłce Nożnej 2024,2465096
Państwa świata,2433834
Wyspy Kanaryjskie,2432811
Madera,2425126
Jeffrey Dahmer,2424505
Michał Wiśniewski,2422550
Afryka,2422492
Agnostycyzm,2421712
Alfabet rosyjski,2414428
Palestyna (państwo),2413540
Republika Chińska,2409871
Kora (wokalistka),2407264
Mount Everest,2406417
Jeffrey Epstein,2406249
Quebonafide,2404339
Pokolenie Z,2399925
Google,2383944
Berlin,2383149
