title,views,assigned_category
Polska,25762735,Polska
Biblia,21746464,Religioznawstwo
Elżbieta II,14396728,Biografie
Robert Lewandowski,11739975,Biografie
Warszawa,11414370,Geografia
Stany Zjednoczone,11035629,Geografia
Jan Paweł II,10741016,Biografie
Facebook,10689932,Społeczeństwo
YouTube,9213775,Społeczeństwo
Ukraina,9086499,Geografia
Strona główna,9065229,Społeczeństwo
Cristiano Ronaldo,8134689,Biografie
II wojna światowa,8099865,Historia
Rosja,8062468,Geografia
Donald Trump,7907970,Biografie
I wojna światowa,7873819,Historia
Niemcy,7792664,Geografia
NATO,7720602,Społeczeństwo
Józef Piłsudski,7422167,Biografie
Adolf Hitler,7018774,Biografie
Władimir Putin,7003537,Biografie
Wielka Brytania,6985814,Geografia
Liga Mistrzów UEFA,6776907,Kultura i sztuka
Fryderyk Chopin,6717580,Biografie
Izrael,6566899,Geografia
Unia Europejska,6508573,Geografia
Freddie Mercury,6485414,Biografie
Gwiezdne wojny,6420445,Kultura i sztuka
Kraków,6360671,Geografia
Maria Skłodowska-Curie,6294843,Biografie
Powstanie warszawskie,6293849,Historia
Hymn Polski,6287380,Kultura i sztuka
Jarosław Kaczyński,6213762,Biografie
Lionel Messi,6006990,Biografie
Adam Mickiewicz,5915735,Biografie
Wrocław,5848859,Geografia
Andrzej Duda,5818202,Biografie
Malta,5713557,Geografia
Stopnie wojskowe w Polsce,5677007,Społeczeństwo
Zespół Aspergera,5630785,Nauki społeczne i humanistyczne
Szwajcaria,5591065,Geografia
Autostrady i drogi ekspresowe w Polsce,5456723,Technika
Franciszek (papież),5331937,Biografie
Donald Tusk,5316849,Biografie
Reprezentacja Polski w piłce nożnej mężczyzn,5309221,Społeczeństwo
Mateusz Morawiecki,5273404,Biografie
RMS Titanic,5271020,Historia
Mikołaj Kopernik,5216792,Biografie
Kleopatra,5216375,Biografie
Hiszpania,5200814,Geografia
Kanada,5175565,Geografia
Kazimierz III Wielki,5175163,Biografie
Miasta w Polsce,5170680,Geografia
Elon Musk,5121114,Biografie
Rzeź wołyńska,5112664,Historia
Francja,5062019,Geografia
Pablo Escobar,5046789,Biografie
Kamil Stoch,5020143,Biografie
Prezydenci Stanów Zjednoczonych,4975621,Społeczeństwo
James Bond,4964672,Kultura i sztuka
Związek Socjalistycznych Republik Radzieckich,4961213,Historia
Iga Świątek,4960199,Biografie
Turcja,4952188,Geografia
Włochy,4939235,Geografia
Maryla Rodowicz,4935682,Biografie
Japonia,4912474,Geografia
Mistrzostwa Świata w Piłce Nożnej 2022,4893302,Historia
Małgorzata Windsor (księżniczka),4879638,Biografie
Holandia,4863680,Geografia
Australia,4820340,Geografia
Mistrzostwa Europy w Piłce Nożnej 2020,4814876,Historia
Województwo,4729592,Geografia
Chińska Republika Ludowa,4728820,Geografia
Alfabet polski,4724930,Nauki społeczne i humanistyczne
Islandia,4717454,Geografia
Gdańsk,4672244,Geografia
Państwa Europy,4667853,Geografia
Diana (księżna Walii),4649801,Biografie
Rafał Trzaskowski,4587838,Biografie
Józef Stalin,4586350,Biografie
Mistrzostwa Świata w Piłce Nożnej 2018,4577391,Historia
Order Odrodzenia Polski,4498106,Historia
Filip (książę Edynburga),4489573,Biografie
Karol Nawrocki,4441163,Biografie
Lech Wałęsa,4421177,Biografie
Henryk Sienkiewicz,4416279,Biografie
Cypr,4406746,Geografia
Państwa członkowskie Unii Europejskiej,4353007,Geografia
Poczet papieży,4347967,Historia
Poznań,4341822,Geografia
Kalendarium dzień po dniu,4325166,Historia
Chorwacja,4319779,Geografia
Łódź,4287379,Geografia
Europa,4283460,Geografia
Michael Jackson,4269551,Kultura i sztuka
Układ Słoneczny,4255208,Nauki ścisłe i przyrodnicze
Edward Gierek,4225690,Biografie
Lista państw świata według liczby ludności,4185223,Społeczeństwo
Audi A4,4181129,Technika
Czechy,4177263,Geografia
Mistrzostwa Europy w Piłce Nożnej 2016,4162241,Historia
Narodowe Święto Niepodległości,4152236,Historia
Lista filmów Marvel Cinematic Universe,4138586,Kultura i sztuka
Napoleon Bonaparte,4124143,Biografie
Władcy Polski,4124012,Historia
Władysław II Jagiełło,4110802,Biografie
BMW serii 3,4094032,Technika
Indie,4077465,Geografia
Siły Zbrojne Rzeczypospolitej Polskiej,4072952,Polska
Lista państw świata według powierzchni,4023343,Geografia
Telewizja Polska,4022470,Polska
Nowy Jork,4003368,Geografia
Iran,3996535,Geografia
Islam,3979423,Religioznawstwo
Harry Potter (seria filmów),3959046,Kultura i sztuka
Jadwiga Andegaweńska,3948523,Biografie
Białoruś,3939907,Geografia
Grzegorz Braun,3935136,Biografie
Szwecja,3924623,Geografia
Bitwa pod Grunwaldem,3892805,Historia
Wolnomularstwo,3887715,Społeczeństwo
Mistrzostwa świata w piłce nożnej mężczyzn,3883090,Społeczeństwo
Remigiusz Mróz,3860001,Biografie
Albania,3858139,Geografia
Stephen Hawking,3855078,Biografie
Norwegia,3831863,Geografia
Premierzy Polski,3765717,Polska
Szymon Hołownia,3736775,Biografie
Katastrofa w Czarnobylskiej Elektrowni Jądrowej,3690147,Historia
Grenlandia,3678428,Geografia
Prezydenci Polski,3661657,Polska
Litwa,3661222,Geografia
Popek (raper),3655198,Biografie
Prawo i Sprawiedliwość,3652529,Społeczeństwo
Janusz Korwin-Mikke,3650543,Biografie
Twoja twarz brzmi znajomo,3631673,Kultura i sztuka
II Rzeczpospolita,3616044,Historia
Reprezentacja Polski w piłce siatkowej mężczyzn,3605041,Polska
Albert Einstein,3601951,Biografie
Katastrofa promu Jan Heweliusz,3599505,Historia
Audi A6,3580882,Technika
Korea Północna,3550535,Geografia
Dania,3546249,Geografia
Elvis Presley,3545959,Biografie
Gruzja,3533415,Geografia
Brazylia,3526234,Geografia
Tadeusz Kościuszko,3519489,Biografie
Czarnogóra,3506181,Geografia
Polska Rzeczpospolita Ludowa,3492402,Historia
Belgia,3489320,Geografia
Sanah,3475780,Biografie
Węgry,3424270,Geografia
Volkswagen Passat,3422892,Technika
Singapur,3394218,Geografia
Rumunia,3367080,Geografia
BMW serii 5,3352527,Technika
Kazachstan,3344698,Geografia
Wojna wietnamska,3325369,Historia
Finlandia,3324942,Geografia
Konstytucja 3 maja,3323623,Historia
Rozbiory Polski,3320491,Historia
Lublin,3320361,Polska
Rzeczpospolita Obojga Narodów,3296693,Historia
Adam Małysz,3294668,Biografie
Wojciech Jaruzelski,3290495,Biografie
Dancing with the Stars. Taniec z gwiazdami,3289974,Kultura i sztuka
Katowice,3270259,Polska
Powstanie styczniowe,3262835,Historia
Szczecin,3257143,Polska
Magda Gessler,3254532,Biografie
Konfederacja Wolność i Niepodległość,3246321,Społeczeństwo
Dzień Matki,3243125,Społeczeństwo
Joe Biden,3239134,Biografie
Sulejman Wspaniały,3218779,Biografie
Organizacja Narodów Zjednoczonych,3217592,Społeczeństwo
Roman Polański,3207284,Biografie
Grecja,3199711,Geografia
Londyn,3189053,Geografia
Słowacja,3187371,Geografia
Nowa Zelandia,3184387,Geografia
Mieszko I,3177686,Biografie
Wojna secesyjna,3176642,Historia
Lech Kaczyński,3152752,Biografie
Jerzy VI Windsor,3146083,Biografie
Ziemia,3140599,Nauki ścisłe i przyrodnicze
Bydgoszcz,3137703,Polska
Taco Hemingway,3132968,Biografie
Karol (książę Walii),3131700,Biografie
Jezus Chrystus,3125536,Religioznawstwo
Anna Przybylska,3117714,Biografie
III Rzesza,3105980,Historia
Austria,3104130,Geografia
Lista kolorów,3099645,Nauki ścisłe i przyrodnicze
Irlandia,3094427,Geografia
Witold Pilecki,3093868,Biografie
Mariusz Pudzianowski,3084044,Biografie
Julia Wieniawa,3066620,Biografie
FC Barcelona,3058343,Społeczeństwo
Meksyk,3055791,Geografia
Radio Nowy Świat,3051767,Kultura i sztuka
Doda (piosenkarka),3050502,Biografie
Jan Kochanowski,3042749,Biografie
Faszyzm,3029453,Nauki społeczne i humanistyczne
Auschwitz-Birkenau,3020887,Historia
Mołdawia,3011798,Geografia
Olga Tokarczuk,3011580,Biografie
Stanisław August Poniatowski,3011472,Biografie
Wikipedia,3008678,Społeczeństwo
Żydzi,3001252,Społeczeństwo
Wiktoria Hanowerska,2970643,Biografie
Podział administracyjny Polski,2964978,Polska
Winston Churchill,2939542,Biografie
Egipt,2936369,Geografia
Żołnierze wyklęci,2931340,Historia
Morze Bałtyckie,2918037,Geografia
Portugalia,2915013,Geografia
Bolesław I Chrobry,2907235,Biografie
Cezary Pazura,2907185,Biografie
Świadkowie Jehowy,2900013,Religioznawstwo
Południowa Afryka,2896310,Geografia
Krzysztof Krawczyk,2878745,Biografie
Sławomir Mentzen,2860330,Biografie
Jakub Błaszczykowski,2855154,Biografie
Kuba Wojewódzki,2854667,Biografie
Alfabet grecki,2854181,Nauki społeczne i humanistyczne
Nikodem Skotarczak,2849032,Biografie
Henryk VIII Tudor,2846166,Biografie
Paryż,2841582,Geografia
Real Madryt,2839737,Społeczeństwo
Krzysztof Bosak,2823342,Biografie
Kot domowy,2821662,Nauki ścisłe i przyrodnicze
Nikola Tesla,2818691,Biografie
Maroko,2813106,Geografia
Jan III Sobieski,2805431,Biografie
Przedłużanie życia,2799331,Nauki ścisłe i przyrodnicze
Korea Południowa,2776885,Geografia
Agnieszka Osiecka,2774485,Biografie
Marilyn Monroe,2770406,Biografie
Powstanie listopadowe,2767751,Historia
Zdzisław Beksiński,2755463,Biografie
Toruń,2751880,Polska
Argentyna,2751636,Geografia
Harry Potter,2750052,Kultura i sztuka
Rzeszów,2744623,Polska
Lista państw Europy,2742397,Geografia
Eminem,2740071,Biografie
Kosowo,2723622,Geografia
Białystok,2712695,Polska
Monako,2712211,Geografia
Krzysztof Kolumb,2706397,Biografie
James Bond (seria filmów),2686648,Kultura i sztuka
Fame MMA,2671621,Społeczeństwo
Lwów,2669075,Geografia
Ludność świata,2655149,Społeczeństwo
Świat według Kiepskich,2651161,Kultura i sztuka
Chrześcijaństwo,2646420,Religioznawstwo
Bułgaria,2629084,Geografia
Puchar Świata w skokach narciarskich,2624900,Społeczeństwo
Komunizm,2622458,Nauki społeczne i humanistyczne
Jugosławia,2614691,Historia
Lady Gaga,2601235,Biografie
Potop szwedzki,2599273,Historia
Audi A3,2597267,Technika
Luksemburg,2594444,Geografia
Katarzyna II Wielka,2588034,Biografie
Aleksander Kwaśniewski,2581583,Biografie
Zbrodnia katyńska,2561215,Historia
Melania Trump,2554216,Biografie
Sylvester Stallone,2548624,Biografie
Buddyzm,2544756,Religioznawstwo
Stan wojenny w Polsce (1981–1983),2537558,Historia
Wołodymyr Zełenski,2530127,Biografie
Fiat 126,2516780,Technika
Mistrzostwa Świata w Piłce Nożnej 2026,2514506,Społeczeństwo
Olsztyn,2510958,Polska
Alfabet,2509894,Nauki społeczne i humanistyczne
Lista państw świata według PKB nominalnego,2499895,Gospodarka
Ariana Grande,2499879,Biografie
Pi,2495661,Nauki ścisłe i przyrodnicze
Benedykt XVI,2490756,Biografie
Słowenia,2480319,Geografia
Wieża Eiffla,2470534,Technika
Mistrzostwa Europy w Piłce Nożnej 2024,2465096,Społeczeństwo
Państwa świata,2433834,Geografia
Wyspy Kanaryjskie,2432811,Geografia
Madera,2425126,Geografia
Jeffrey Dahmer,2424505,Biografie
Michał Wiśniewski,2422550,Biografie
Afryka,2422492,Geografia
Agnostycyzm,2421712,Filozofia
Alfabet rosyjski,2414428,Nauki społeczne i humanistyczne
Palestyna (państwo),2413540,Geografia
Republika Chińska,2409871,Geografia
Kora (wokalistka),2407264,Biografie
Mount Everest,2406417,Geografia
Jeffrey Epstein,2406249,Biografie
Quebonafide,2404339,Biografie
Pokolenie Z,2399925,Społeczeństwo
Google,2383944,Technika
Berlin,2383149,Geografia