title,year,month,Zmiana względna,Zmiana bezwzględna
Biblia,2017,3,"9,331904625965858",3484413
Biblia,2016,12,"7,37767077902872",2667150
Katastrofa promu Jan Heweliusz,2025,11,"18,149474719440587",2469185
Biblia,2016,11,"6,011653756675108",2095880
Biblia,2017,2,"5,815669158903259",2013919
Elżbieta II,2022,9,"18,89349302146988",1951574
Biblia,2017,5,"5,100262369091362",1714735
Mistrzostwa Świata w Piłce Nożnej 2022,2022,11,"18,179340249181433",1586108
Mistrzostwa Europy w Piłce Nożnej 2016,2016,6,"14,194074778466696",1569055
Nikodem Skotarczak,2022,1,"30,377700917364212",1549963
Paweł Adamowicz,2019,1,"10,685636255311007",1370574
Władimir Putin,2022,2,"26,586470807536248",1357544
Krzysztof Krawczyk,2021,4,"22,929925366783095",1315222
Biblia,2017,4,"3,9006891419221077",1213072
Ukraina,2022,2,"16,76883208813427",1085481
Olga Tokarczuk,2019,10,"23,623076258973693",1064550
Jeffrey Epstein,2026,2,"12,615830281903492",1035207
Mistrzostwa Europy w Piłce Nożnej 2020,2021,6,"13,418428221204449",1013444
Mistrzostwa Świata w Piłce Nożnej 2018,2018,6,"12,878921638986052",988627
Jeffrey Dahmer,2022,10,"16,290137574473963",926775
NATO,2022,2,"16,62475335472545",913883
Ukraina,2022,3,"14,077987132337766",900251
Mistrzostwa Świata w Piłce Siatkowej Mężczyzn 2018,2018,9,"9,776867678355213",865192
Elżbieta II,2021,4,"8,546017678461384",823015
Donald Trump,2016,11,"13,29159746433029",803319
Kazimierz III Wielki,2018,1,"19,94500424431076",797102
Łukasz Litewka,2026,4,"4,371281756588618",788477
Karol Nawrocki,2025,5,"5,071378600605292",786159
Grzegorz Braun,2023,12,"15,497001374285412",770914
Biblia,2017,1,"2,8430165014413378",770752
Tomasz Mackiewicz,2018,1,"5,1583863000215535",768925
Agnieszka Osiecka,2021,1,"14,286603820168427",767989
Mistrzostwa świata w piłce nożnej mężczyzn,2022,12,"15,031245734711273",767389
Biblia,2016,7,"2,829214533452427",764980
Edward Gierek,2022,4,"18,420782878062518",751172
Katedra Notre-Dame w Paryżu,2019,4,"10,123299332271793",750988
Ed Gein,2025,10,"7,497568588424219",718192
Mistrzostwa Europy w Piłce Nożnej 2024,2024,6,"10,30483194163635",716791
Joanna Kołaczkowska,2025,7,"10,838836149733014",713199
Dzień Matki,2016,5,"7,118814106764309",708717
Agnieszka Woźniak-Starak,2019,8,"11,416510756851078",702909
Katar,2022,11,"17,27630882406896",698715
Palestyna (państwo),2023,10,"17,389234485444614",693966
Mistrzostwa Świata w Piłce Nożnej 2026,2026,6,"10,329457953172511",689970
Wołodymyr Zełenski,2022,2,"11,83328741995955",685240
Rafał Trzaskowski,2020,6,"10,351768087713646",681022
Pandemia,2020,3,"8,943851352641934",665432
Mistrzostwa Europy w Piłce Ręcznej Mężczyzn 2016,2016,1,"4,364981535822956",658447
Biblia,2016,8,"2,5735792264894193",658073
Władimir Putin,2022,3,"13,27471761768375",651261
Facebook,2023,12,"8,84577572616926",650161
Joe Biden,2020,11,"13,427622321274761",649270
Leon XIV,2025,5,"8,170779292021049",644261
Franciszek (papież),2025,4,"16,133832038900685",630411
Zbigniew Wodecki,2017,5,"18,527989995382686",624584
Kora (wokalistka),2018,7,"19,15707624921903",624413
Izrael,2023,10,"13,546238490952884",624166
Mistrzostwa świata w piłce nożnej mężczyzn,2022,11,"12,359656098622489",621276
Mistrzostwa Świata w Piłce Nożnej 2022,2022,12,"7,6796733575814455",616711
Filip (książę Edynburga),2021,4,"12,81984567351951",609955
Facebook,2023,10,"8,272355614610085",602643
Gwiezdne wojny,2016,1,"13,190886301494679",602084
Facebook,2024,1,"8,07581339151643",586356
Wołodymyr Zełenski,2022,3,"10,253429966163754",585309
Curaçao,2026,6,"5,862200561547565",583340
Pandemia grypy w latach 1918–1919,2020,3,"3,1113397723942335",574528
Karol Nawrocki,2025,6,"3,9511576134449466",569851
Strefa Gazy,2023,10,"8,966221078636623",551740
Nanga Parbat,2018,1,"5,947907230757295",545612
Barszcz Sosnowskiego,2015,7,"12,00568992655256",544753
Mateusz Morawiecki,2017,12,"13,5951908861904",544422
An-225 Mrija,2020,4,"11,039445789222242",543511
Karol Nawrocki,2024,11,"3,8086208499890684",542328
NATO,2022,3,"10,233203058517976",540045
Jolanta Wadowska-Król,2026,2,"3,927765506536923",539473
Andrzej Banasiak,2022,1,"13,873802621709103",538783
Hymn Polski,2018,11,"12,043259513501651",538242
Gwiezdne wojny,2015,12,"11,843292793568047",535529
Facebook,2023,11,"7,415061293186898",531601
Elżbieta II,2020,11,"5,793448900333464",522803
Broń jądrowa,2022,2,"17,54863968323092",520358
Andrzej Wajda,2016,10,"17,17662029283105",510092
Mariusz Kamiński (minister),2024,1,"5,942619064652679",509522
Jan Paweł II,2020,5,"7,174652006849258",502440
Robert Oppenheimer,2023,7,"9,854263589018773",499844
Państwa członkowskie NATO,2022,2,"10,394514403411861",499232
Szymon Hołownia,2023,11,"8,341810786038762",498813
Mistrzostwa Świata w Piłce Siatkowej Mężczyzn 2025,2025,9,"4,62324854009539",496575
Iga Świątek,2020,10,"7,500581125878216",496064
Rafał Trzaskowski,2020,7,"7,811479393997782",496031
Kamil Stoch,2018,1,"6,676071976435731",491288
Poczet papieży,2025,4,"15,325113553069745",486603
Poczet papieży,2025,5,"15,248424838550983",483998
wiki.phtml,2026,6,"5,2412650149818365",479844
Piotr Woźniak-Starak,2019,8,"4,990999855061152",477286
Hamas,2023,10,"7,858093300288174",470843
Koronawirusy,2020,3,"4,874137913974453",469838
Kylian Mbappé,2022,12,"13,042367962855485",469789
Lionel Messi,2022,12,"11,306070427951436",469004
Afganistan,2021,8,"19,04860204608239",465722
Rafał Trzaskowski,2025,5,"7,340940111660438",461765
Olga Tokarczuk,2019,12,"10,628818095484762",453093
Kobe Bryant,2020,1,"9,588914857144216",451561
Chanuka,2023,12,"6,551388642730358",449699
Józef Piłsudski,2018,11,"8,984832596733542",448975
Katastrofa elektrowni jądrowej w Czarnobylu,2019,5,"10,728253349448448",447950
Facebook,2024,2,"6,37825189159295",445683
Paulo Sousa,2021,1,"6,68059657186142",443957
Stephen Hawking,2018,3,"13,304174649643924",443304
Jan Olszewski,2019,2,"7,6922887880851425",443132
Facebook,2023,9,"6,316671799221923",440580
Strona główna,2016,1,"7,393385870340397",439072
Grenlandia,2026,1,"15,519335977216356",434214
Diego Maradona,2020,11,"9,79214780600462",430191
Avicii,2018,4,"11,139849766818166",427238
Mistrzostwa świata w piłce nożnej,2018,6,"7,964614880022127",421544
Wyspy Owcze,2023,9,"14,965390663812501",418965
Krzysztof Bosak,2020,6,"9,361645879245236",414172
Wojna w Donbasie,2022,2,"6,805417752298669",412334
Facebook,2024,4,"5,963289195852696",411296
Adam Bielecki (wspinacz),2018,1,"6,357336553991419",407691
Diana (księżna Walii),2022,9,"10,67932541629201",405468
Małgorzata Windsor (księżniczka),2022,9,"7,8350158351910535",401836
Facebook,2024,3,"5,83582093880485",400733
Freddie Mercury,2018,11,"9,140960931715385",399981
Ozzy Osbourne,2025,7,"9,442696067634651",398651
Maja Chwalińska,2026,6,"3,26021559110094",398018
Filip (książę Edynburga),2022,9,"8,692843617867446",396984
Elżbieta II,2020,12,"4,638525642771052",396840
Koronawirusy,2020,1,"4,272038233577076",396818
Jakub Błaszczykowski,2016,6,"10,610128210247153",391977
Kacper Tomasiak,2026,2,"3,809652246097422",388556
Powódź tysiąclecia,2022,10,"5,759401461833331",386135
Andrzej Ułasiewicz,2025,11,"3,402401206070974",384441
Letnie Igrzyska Olimpijskie 2016,2016,8,"6,495965597798923",382421
Małgorzata Windsor (księżniczka),2020,11,"7,449632534216678",379179
Jeffrey Dahmer,2022,9,"7,25319188865356",379022
Selena Gomez,2019,12,"13,61488001805222",374885
Sławosz Uznański-Wiśniewski,2025,6,"6,128568864177188",371413
Andora,2021,11,"14,80440525694141",371076
Mistrzostwa Świata w Piłce Siatkowej Mężczyzn 2022,2022,9,"5,270977452286267",370078
Zimowe Igrzyska Olimpijskie 2018,2018,2,"5,454673656491642",367862
David Bowie,2016,1,"10,665742438733334",367198
K2,2018,1,"8,945526991081774",366915
Narodowe Święto Niepodległości,2016,11,"3,914275344657674",366690
Donald Trump,2024,11,"6,602022516524468",366121
Maroko,2022,12,"15,695482146780108",365840
COVID-19,2020,3,"6,482968061952726",364373
Dzień Matki,2017,5,"4,121315089612642",361529
Rosja,2022,3,"6,908199325566315",360869
Tina Turner,2023,5,"12,631775530206953",359893
Agnieszka Osiecka,2020,12,"7,188464886276192",357704
James Bond,2015,11,"9,208777538576566",357490
Viki Gabor,2019,11,"9,262470460059898",356783
Krzysztof Kowalewski,2021,2,"8,518254562322753",356564
George Michael,2016,12,"8,101447319995112",355808
Jan Paweł II,2025,4,"5,370539993609542",355637
Jan Kulczyk,2015,7,"13,72928536837638",354852
Inwazja Rosji na Ukrainę (2022),2022,3,"2,933319356742604",353499
Jacek Magiera,2026,4,"4,653822516778289",348796
Chada,2020,3,"7,9070487465619825",347921
Iran,2026,3,"11,735699049301457",346013
Stanisław Sojka,2025,8,"4,251215916216171",345332
Facebook,2023,5,"5,155483402513693",344355
Daniel Obajtek,2021,3,"8,930444146033356",344140
Joanna Senyszyn,2025,4,"4,257121510375613",343429
Meghan Markle,2018,5,"4,584032652670815",342584
Islandia,2016,6,"10,582124171216083",342449
Eugeniusz Bodo,2016,3,"6,376158036287184",342433
Maciej Berbeka,2022,9,"5,811931842205404",341421
Elżbieta Bowes-Lyon,2022,9,"10,012773855325312",340274
Sławomir Mentzen,2025,5,"5,875811881845801",340157
Wyspy Owcze,2023,10,"12,2979434853444",338941
Chorwacja,2018,7,"10,644770947773022",338726
Narodowe Święto Niepodległości,2015,11,"3,6901630832158867",338491
Mistrzostwa Świata w Piłce Nożnej 2018,2018,7,"5,055446432258027",337516
Emilian Kamiński,2022,12,"5,14718315934777",336490
Andrzej Kolikowski,2022,1,"14,03650490605054",336390
Pelé,2022,12,"8,054259180911465",335326
Rzeź wołyńska,2016,10,"8,37903762109147",333863
Rosja,2022,2,"6,454608688059289",333164
Paweł Królikowski,2020,2,"10,624765076111201",332147
Grzegorz Braun,2025,5,"7,213406093207452",330413
Państwo Islamskie,2015,11,"8,73193172617104",329220
Kora (wokalistka),2018,8,"10,539413209353025",328056
Jerzy Kalibabka,2020,9,"6,254598615194307",327083
Strona główna,2015,11,"5,751108548940132",326287
Światowe Dni Młodzieży,2016,7,"6,799970439420562",325142
Konkurs Piosenki Eurowizji 2025,2025,5,"7,522343493320845",322769
Reprezentacja Polski w piłce nożnej,2016,6,"5,075103008371609",319520
SARS-CoV-2,2020,3,"6,515996357898624",317569
Franciszek (papież),2016,7,"8,623441724836583",317560
Czarna śmierć,2020,3,"7,686755182377104",315364
Facebook,2023,7,"4,802511091745018",315105
Republika Zielonego Przylądka,2026,6,"14,051993132718644",314420
Jerzy Brzęczek,2018,7,"8,35728163499377",313306
Andrea Bocelli,2021,4,"9,024367767705776",313019
Adrian Zandberg,2025,5,"7,750455898570677",312179
Witold Pyrkosz,2017,4,"6,468398213847208",307714
Białoruś,2020,8,"11,304559219291216",307568
Konkurs Piosenki Eurowizji 2016,2016,5,"5,0731145644866595",304417
Mistrzostwa świata w piłce nożnej,2018,7,"6,029283730811923",304405
Kamil Stoch,2017,1,"4,513577003682962",304115
Rafał Trzaskowski,2020,5,"5,151612807601315",302332
Robert Lewandowski,2016,6,"4,384365724799244",301003
Zimowe Igrzyska Olimpijskie 2026,2026,2,"5,855268388495519",300902
Stefan Wyszyński,2021,9,"9,646865274643512",298577
Donald Trump,2025,1,"5,559242763945741",297970
Iga Świątek,2025,7,"4,860376569569084",294588
Małgorzata Windsor (księżniczka),2020,12,"5,98074672752364",292822
Państwa posiadające broń jądrową,2022,2,"5,847431409071537",291659
Władysław I Łokietek,2018,1,"11,814145217997202",290448
Katastrofa elektrowni jądrowej w Czarnobylu,2019,6,"7,298528941831796",290024
Rzeź wołyńska,2022,3,"7,362346518370853",287863
Państwa członkowskie NATO,2022,3,"6,412283657999587",287613
Maryla Rodowicz,2021,12,"8,156252773172989",287163
Grupa Wagnera,2023,6,"4,78610666227604",286672
Wybory prezydenckie w Polsce w 2015 roku,2020,6,"5,077478782797507",286242
Łukasz Szumowski,2020,3,"3,8977595584057148",285580
Robert Oppenheimer,2023,8,"6,038529956348815",284437
Grzegorz Krychowiak,2016,6,"8,146521905127695",284178
Donald Tusk,2023,12,"7,933110381731737",283556
Donald Trump,2017,1,"5,337821716572015",283499
Sławomir Mentzen,2025,3,"5,060565039698218",283282
Kamil Stoch,2021,1,"4,261249530142866",282275
Wybory parlamentarne w Polsce w 2015 roku,2019,10,"7,25534252514528",282144
Jan Paweł II,2025,5,"4,466118288996125",282043
Wenezuela,2026,1,"9,598240304422406",281351
Jerzy Urban,2022,10,"10,989769820971867",281232
Melania Trump,2016,11,"6,359619938172809",279380
Elon Musk,2025,1,"7,587412426280688",278801
Marzena Kipiel-Sztuka,2024,6,"5,624746247795268",277938
Jerzy Stuhr,2024,7,"6,648671180788548",277796
Maciej Wąsik,2024,1,"2,6051926252808832",276691
Donald Trump,2020,11,"5,216760053465048",275587
Czesław Kiszczak,2016,2,"5,042573830036224",273669
Diana (księżna Walii),2020,11,"7,450782087233411",270224
Snus,2025,5,"3,9856220138028666",269948
Katastrofa lotu Fuerza Aérea Uruguaya 571,2024,1,"3,1587787175334414",269918
Fernando Santos,2023,1,"4,959321851347778",269580
Sri Lanka,2019,4,"12,202788370903848",269393
Radosław Sikorski,2024,11,"8,187218624078751",268872
Mistrzostwa Europy w piłce nożnej,2024,6,"4,623977766050469",268799
Siły Zbrojne Federacji Rosyjskiej,2022,3,"4,877546201539038",268611
Michalina Wisłocka,2017,1,"5,6211996804739846",268495
Jerzy Kukuczka,2018,1,"8,97656623792384",268216
Wybory prezydenckie w Stanach Zjednoczonych w 2020 roku,2020,11,"4,852740715069601",266810
Mistrzostwa Europy w Piłce Siatkowej Mężczyzn 2019,2019,9,"2,679336279559453",266378
Konkurs Piosenki Eurowizji 2021,2021,5,"5,0365738582748785",266290
Żołnierze wyklęci,2016,3,"6,264045112474158",266047
Elżbieta II,2018,5,"3,4388680539078047",265998
Senegal,2018,6,"3,356245562145973",264808
Sulejman Wspaniały,2016,2,"4,776668419919479",264267
Michał Probierz,2023,9,"4,753525485483425",263571
Andrzej (książę Yorku),2022,9,"6,569963013459582",261733
Sinéad O’Connor,2023,7,"4,939790585793793",261036
Andora,2021,3,"10,660993146806703",259697
Agnieszka Maciąg,2025,11,"3,6726472084511625",259524
Popek (raper),2016,12,"6,252043801731123",259422
Zdzisław Beksiński,2016,10,"10,444870789409983",257673
Kaja Godek,2020,10,"4,886585966960093",257052
Facebook,2023,6,"4,100765935648609",256953
Łukasz Fabiański,2016,6,"6,908690511963958",256556
Bronisław Cieślak,2021,5,"9,029259868339665",256200
Wojciech Młynarski,2017,3,"6,625535303972097",256049
Gang pruszkowski,2022,1,"9,696934326413196",255923
Strona główna,2015,12,"4,722655765232186",255657
Donald Trump,2017,7,"4,907174534046032",255354
Katastrofa w Czarnobylskiej Elektrowni Jądrowej,2019,6,"6,871527069246834",254904
Grenlandia,2025,1,"9,522964429370372",254887
Zimowe Igrzyska Olimpijskie 2022,2022,2,"4,737479509700782",254603
Agnieszka Holland,2023,9,"8,056985483288711",254131
Anna (księżniczka angielska),2022,9,"5,656326994679059",253369
Prince,2016,4,"7,017660740097434",252912
Margaret Thatcher,2020,11,"8,649406306657356",252460
Karol III,2023,5,"7,3563658079573955",252212
Ołowiane dzieci,2026,2,"3,066173505912169",251100
Eugeniusz Bodo,2016,5,"4,937829867984545",250819
Andrzej Duda,2020,7,"6,688342549811781",250727
Syria,2015,9,"7,700706737422574",250378
Katalonia,2017,10,"4,040597349399058",249655
Narodowe Święto Niepodległości,2017,11,"2,984001631891829",249638
Pandemia grypy A/H1N1 w latach 2009–2010,2020,3,"2,8492526998001115",248169
Chester Bennington,2017,7,"9,105515816072302",248065
Mistrzostwa Świata w Piłce Nożnej 2014,2018,6,"5,486377810666967",247645
Lamine Yamal,2024,7,"8,066336651357291",247132
Benedykt XVI,2025,4,"7,937867057230817",246865
Reprezentacja Polski w piłce nożnej mężczyzn,2018,6,"6,29340123532247",246525
Związek Socjalistycznych Republik Radzieckich,2022,2,"7,533122242483844",245547
Iran,2025,6,"8,583523477212134",244418
Maria Skłodowska-Curie,2017,3,"5,995032600495358",243744
Szymon Hołownia,2020,6,"4,586307711863839",243659
Karol (książę Walii),2021,4,"6,205731391895775",243325
Edward Gierek,2022,1,"6,608597412493581",241839
Mistrzostwa Europy w Piłce Siatkowej Mężczyzn 2021,2021,9,"3,0037608863673566",241753
RMS Titanic,2018,12,"6,991809554886911",241091
Włochy,2020,3,"7,436358869339078",240839
Jerzy Starak,2019,8,"3,3201311222522176",240644
Michał Pazdan,2016,6,"5,73932211499281",240371
Franciszek Pieczka,2022,9,"9,467180593346933",240224
Melania Trump,2017,7,"5,606092828484357",240101
Chuck Norris,2026,3,"5,848382304761306",240067
Cristiano Ronaldo,2022,12,"4,894117525574734",239981
Letnie Igrzyska Olimpijskie 2020,2021,7,"5,2478928722405325",239051
Konkurs Piosenki Eurowizji 2026,2026,5,"6,683314677641536",238999
Nihilizm,2019,9,"10,510276801392141",238452
Zdzisław Najmrodzki,2022,3,"6,103923530561623",238256
Mistrzostwa świata w piłce nożnej mężczyzn,2026,6,"5,34365466677311",237561
Mistrzostwa Europy w Piłce Nożnej 2024,2024,7,"4,0731492810016325",236738
Dom z papieru,2020,4,"5,706202374734219",236579
Aleksiej Nawalny,2024,2,"4,492744652893791",236572
Kamil Stoch,2018,2,"3,730830376744248",236365
Fryderyk Chopin,2025,10,"5,6401597003682875",236141
Wybory prezydenckie w Stanach Zjednoczonych w 2016 roku,2016,11,"4,800489320263331",236113
Krzysztof Respondek,2023,12,"3,1336741188008035",235520
Popek (raper),2015,7,"5,733687203812214",233818
Narodowe Święto Niepodległości,2018,11,"2,855410675115769",233458
Siły Zbrojne Federacji Rosyjskiej,2022,2,"4,369457645538843",233414
Turniej Czterech Skoczni,2021,1,"4,135388428377095",233002
Chada,2019,11,"5,61727965087499",232581
Elżbieta Bawarska,2022,10,"6,793029478161158",232476
Edward (hrabia Wesseksu),2022,9,"4,612511380702997",232116
Reprezentacja Polski w piłce siatkowej mężczyzn,2018,9,"5,227634859076499",230921
Ryszard Petru,2017,1,"6,162781076336476",230862
Dariusz Gnatowski,2020,10,"3,8203706784354785",230573
Trybunał Konstytucyjny,2015,12,"5,644147004987247",230340
K2,2018,2,"5,977803683505791",229869
Konkurs Piosenki Eurowizji 2024,2024,5,"6,061472700832856",229720
Blanka Stajkow,2023,5,"7,049513665827019",229411
Lukas Podolski,2021,7,"7,687940199011418",228499
Aldona Anna Giedyminówna,2018,1,"2,6501491847217507",228412
Bożena Dykiel,2026,2,"3,5491481581836313",228142
YouTube,2023,8,"4,267340151023874",228065
Danuta Szaflarska,2017,2,"6,382440430165432",227573
Liga Narodów w Piłce Siatkowej Mężczyzn 2018,2018,6,"3,2483566134070276",227314
Franciszek (papież),2025,2,"6,450464812318675",227043
Jerzy VI,2022,9,"9,645811229787174",226629
Czeczenia,2022,2,"7,817003113974292",226514
Puchar Świata w skokach narciarskich 2016/2017,2017,1,"2,691310922623475",226261
Obdżektor,2018,2,"3,966348633691873",226201
Joanna Senyszyn,2025,5,"3,1384236993074492",225474
Eugeniusz Bodo,2016,4,"4,523949815014539",224457
Jan Nowicki,2022,12,"5,836195445237832",224108
Sylvester Stallone,2018,2,"9,965497460590498",224016
Dżuma,2020,3,"7,789743718692998",223467
Aleksandra Uznańska-Wiśniewska,2025,6,"3,9097849372890123",222923
Zbigniew Religa,2016,11,"7,497301435965695",222453
Puchar Świata w skokach narciarskich 2017/2018,2018,3,"3,441551904812984",221924
Szymon Hołownia,2023,12,"4,2646921476406785",221808
Janusz Rewiński,2024,6,"6,419458534498564",221696
Janusz Korwin-Mikke,2019,10,"7,9229769379514225",221690
Joe Biden,2022,3,"5,239309642639052",221479
Elżbieta II,2021,3,"3,0304002409436364",221448
Kacper Tekieli,2023,5,"4,5413139744755275",221386
Ali Chamenei,2026,3,"3,9339953261340095",221123
Wojskowe Służby Informacyjne,2015,11,"5,5551908168426705",220638
Kamil Stoch,2018,3,"3,5464025626361635",220402
Powstanie warszawskie,2017,8,"5,620327402198559",220300
Joe Biden,2021,1,"5,2144455894692845",220180
Marcin Romanowski,2024,12,"4,6519476211100566",220166
Dzień Ojca,2016,6,"3,492573881893134",220153
Dzień Babci,2016,1,"3,126632367618325",220053
Małgorzata Windsor (księżniczka),2021,4,"4,732609673094603",219443
Paweł Tanajno,2020,5,"3,820729594632867",219112
Freddie Mercury,2021,11,"5,440413827089528",218166
XXXTentacion,2018,6,"9,28277497368318",218100
Konkurs Piosenki Eurowizji 2023,2023,5,"5,1586361557640386",217335
Natalia Janoszek,2023,8,"4,519040240155928",217257
Odra,2022,8,"4,213256593912336",216938
Polska,2022,3,"2,1113351513338934",216902
Bohdan Smoleń,2016,12,"5,578232442910261",216583
Broń jądrowa,2022,3,"7,885664782973916",216514
Kamil Durczok,2021,11,"5,05606344668053",216149
Halloween,2015,10,"3,339371482868287",215670
Argentyna,2022,12,"10,70430100492943",215344
Wirusy,2020,3,"6,0340696429784355",214929
Mount Everest,2018,1,"8,768593722534375",214879
Michael Jordan,2020,5,"9,583543365994322",214865
Prezydenci Polski,2020,7,"6,1477434942704905",214196
Krzysztof Kononowicz,2025,3,"8,543902299850584",214175
Jerzy Owsiak,2019,1,"3,7750200644307967",214143
Elżbieta II,2021,1,"2,9627715408667856",214072
Cyberpunk 2077,2020,12,"4,070118817284826",213762
Justyna Kowalczyk,2023,5,"6,667422254499043",213144
Sulejman Wspaniały,2015,9,"4,042218493410078",212875
Mistrzostwa świata w piłce siatkowej mężczyzn,2018,9,"5,123672026710621",212133
Barbara Nowacka,2015,10,"6,2236038861242635",211982
Charlie Kirk,2025,9,"5,136729050279331",211564
Maria Czubaszek,2016,5,"3,9360230451486022",211387
Sławomir Zapała,2018,1,"4,17142472231147",211110
Konfederacja Wolność i Niepodległość,2019,10,"6,391569718459758",210877
Bartłomiej Sienkiewicz,2023,12,"3,8945022211774556",210864
Pandemia COVID-19 w Polsce,2020,4,"4,680837044541791",210417
Narodowe Święto Niepodległości,2020,11,"2,667435810488614",209806
Bartosz Kurek,2018,9,"5,899681631220093",209719
Ghislaine Maxwell,2026,2,"3,316985927425048",209223
Iran,2020,1,"7,490043249965282",209175
Arkadiusz Milik,2016,6,"7,558426490091838",208709
Chrzest Polski,2016,4,"8,516991723802235",208480
Kazachstan,2022,1,"9,1650313421421",208470
Big Brother (Polska),2019,3,"4,666144009324266",208387
Wiktoria Hanowerska,2017,2,"6,400866075122456",208364
Sulejman Wspaniały,2015,11,"3,976607900076395",208284
Agnieszka Osiecka,2021,2,"4,601710227303445",208185
Karol Nawrocki,2025,8,"2,076299158576256",207827
Bartosz Kapustka,2016,6,"5,8566358356635835",207722
Natalia Janoszek,2023,7,"4,356513851619487",207223
Jasmine Paolini,2024,6,"4,325632350571935",206422
Robert Lewandowski,2018,6,"3,316568902403966",206034
Stany Zjednoczone,2025,1,"3,4573895153597496",205446
Mistrzostwa Świata w Piłce Nożnej 2018,2017,10,"3,4628055588871476",204968
Sulejman Wspaniały,2016,1,"3,9286611475966504",204929
Karol (książę Walii),2022,9,"5,368450681738352",204189
Huta Metali Nieżelaznych Szopienice,2026,2,"2,3814606741573034",204097
Henryk (książę Sussexu),2022,9,"5,833267433294668",203167
Mistrzostwa Europy w Piłce Siatkowej Mężczyzn 2023,2023,9,"2,936640562813687",203156
Letnie Igrzyska Olimpijskie 2024,2024,7,"4,954150546846763",203073
Karol (książę Walii),2020,11,"5,343419548488041",203019
Sprawa Tomasza Komendy,2020,9,"5,204232329334599",202977
Czarnogóra,2017,3,"7,812334274813536",202418
Dzień Matki,2021,5,"2,737099556754673",201201
Adam Małysz,2017,1,"4,845388973942139",201100
Zofia Charlotta z Meklemburgii-Strelitz,2023,5,"4,744799329546512",201077
Mistrzostwa Świata w Piłce Siatkowej Mężczyzn 2022,2022,8,"3,3171884842685335",200783
Magdalena Biejat,2025,5,"4,1448847774597555",200662
Barbara Nowacka,2023,12,"5,942269707191871",200565
Nicolás Maduro,2026,1,"4,600315406340507",200140
Filip (książę Edynburga),2020,11,"4,867328140114884",199571
Szymon Marciniak,2022,12,"5,352112955321895",199541
Jerzy III Hanowerski,2023,5,"5,809889058997451",199356
Powstanie warszawskie,2019,8,"5,18096700445149",199351
Mistrzostwa Europy w Piłce Nożnej 2020,2021,7,"3,4397824575336933",199106
Marek Hłasko,2021,1,"6,985723672154008",198395
Zdzisław Beksiński,2016,9,"8,271408108183634",198377
Kösem,2016,9,"4,323808047437185",198117
Chada,2018,3,"4,92975335191685",197949
Lech Wałęsa,2016,2,"6,859520666103166",197756
Mistrzostwa Europy w Piłce Nożnej 2020,2024,6,"3,4228356036583283",197723
Marta Nawrocka,2025,8,"4,550495306927106",197486
Lista laureatów Nagrody Nobla związanych z Polską,2019,10,"7,266362397631802",197378
Cristiano Ronaldo,2018,6,"4,193476603715275",196803
Grzegorz Braun,2025,4,"4,697323802785977",196614
YouTube,2023,9,"3,813179722752075",196364
YouTube,2024,2,"3,81008522565398",196148
Harry Potter,2015,8,"3,843810953392882",195516
David Beckham,2023,10,"7,800696354759264",195390
Powódź tysiąclecia,2024,9,"3,4079205235976384",195357
Mistrzostwa Europy w Piłce Nożnej 2016,2016,7,"2,64161541823263",195223
LGBT,2020,6,"4,961509884407849",195142
Szymon Hołownia,2020,5,"3,8673936750272624",194815
Fame MMA,2021,3,"4,6454193914481134",194784
Marilyn Monroe,2022,10,"9,497937847376882",194568
Iga Świątek,2023,6,"3,547835479987799",194427
Gwiezdne wojny,2017,12,"4,935749780583745",194379
Krzysztof Krawczyk,2020,12,"4,235845828651027",194066
Dominika Chorosińska,2023,11,"4,2169511678086975",194029
Alaksandr Łukaszenka,2020,8,"5,51263619150103",193837
Saga o wiedźminie,2019,12,"7,028008867128789",193418
Konkurs Piosenki Eurowizji 2022,2022,5,"5,0378676219201814",193264
Cristiano Ronaldo,2016,7,"4,11677250353394",192076
George H.W. Bush,2018,12,"6,186874887347941",190648
Ryszard Kotys,2021,1,"7,775638640158339",190504
Beata Szydło,2015,10,"5,732552426231717",190360
Kim Dzong Un,2020,4,"7,765266632363728",190141
Romuald Lipko,2020,2,"5,042220349660945",190082
Stanisława Celińska,2026,5,"6,4648127258914805",189909
Mistrzostwa Świata w Piłce Siatkowej Mężczyzn 2014,2018,9,"5,987892021848192",189592
Anna Przybylska,2022,10,"7,005194190358705",189116
YouTube,2023,7,"3,7087117929404614",189072
Thiago Cionek,2018,6,"3,6068112878021883",189063
Krzysztof Kiersznowski,2021,10,"3,780475960632887",188948
Franciszek (papież),2025,5,"5,531144122670617",188748
Broń termobaryczna,2022,3,"2,527739629462085",188278
Mariusz Trynkiewicz,2025,1,"8,799223045152594",188190
Gwiezdne wojny,2019,12,"4,81031454984818",188184
Czarnobyl,2019,6,"7,099095523886175",188096
Dorota Wysocka-Schnepf,2025,5,"3,956016740986227",188076
Jakub Błaszczykowski,2016,7,"5,6104364247953",188050
James Bond,2021,10,"5,317251572712155",188015
Janusz Waluś,2025,1,"4,660691023302855",187832
Melania Trump,2025,1,"4,599490802657254",187630
Andrzej Duda,2020,6,"5,253590026609595",187487
Wybory parlamentarne w Polsce w 2019 roku,2023,10,"6,001773143167221",187091
Łukasz Schreiber,2021,9,"6,067960700348134",186851
Krzysztof Bosak,2020,5,"4,771975552377289",186835
Wiktoria Hanowerska,2017,1,"5,84274986930439",186832
Reprezentacja Polski w piłce nożnej mężczyzn,2022,11,"5,007932425491424",186658
Anonymous (aktywiści internetowi),2022,2,"2,8928455526408308",186645
Charles Manson,2019,8,"7,842182560766677",186631
Sławomir Zapała,2018,3,"3,803415274528932",186613
Jerzy V,2022,9,"8,442374007494585",186201
Palindrom,2017,4,"2,4926275162665714",185891
Jan Urban (piłkarz),2025,7,"5,304652923228392",185382
Edward VIII Windsor,2022,9,"6,775711041840042",185363
Ukraina,2022,4,"3,689463235510178",185135
Tomasz Beksiński,2016,10,"6,290302269405574",184844
Ryszard Schnepf,2025,5,"5,139519048614248",184206
Krzysztof Penderecki,2020,3,"4,631631855074444",183969
Kanał Sueski,2021,3,"3,84466319721",183934
Jerzy VI Windsor,2021,4,"5,198212507425901",183443
Jerzy VI Windsor,2022,9,"5,193360760030807",183231
Wilfredo León,2019,9,"4,2170419730257525",183022
Kalina Jędrusik,2022,3,"6,766264376423847",182873
Anne Applebaum,2024,11,"7,3190352747740794",182378
Światowe Dni Młodzieży 2016,2016,7,"3,4388085268366955",181719
Krzysztof Stanowski (ur. 1982),2025,4,"5,021641459074733",180813
Maciej Damięcki,2023,11,"5,618073708391146",180730
Stan wyjątkowy,2020,3,"2,7258209325870597",180690
Grzegorz Miecugow,2017,8,"2,7765336565584895",180278
Ahmed I,2016,4,"4,3986150354233216",180268
Wojciech Szczęsny,2022,12,"5,760413871163759",180184
Złota Piłka,2021,11,"7,349373829342247",179985
Justyna Steczkowska,2025,5,"8,024892307163856",179972
Joe Biden,2023,2,"4,43757312911414",179593
Mistrzostwa Europy w piłce nożnej,2024,7,"3,4154131500791594",179157
Jarosław Gowin,2020,4,"6,132196341088835",178655
Konkurs Piosenki Eurowizji 2017,2017,5,"4,089535398722761",178378
Jarosław Sokołowski (gangster),2022,1,"6,83532039018571",178266
Mistrzostwa Europy w Piłce Nożnej 2012,2016,6,"4,422499959118617",177900
Kazimierz III Wielki,2018,2,"5,22611133214548",177812
Denis Urubko,2018,1,"3,0748904563428447",177506
Lista filmów Marvel Cinematic Universe,2019,5,"4,127602519314568",177313
San Marino,2021,9,"8,091396069828372",177177
Rafał Trzaskowski,2018,10,"3,432069528174273",177110
Mistrzostwa Europy w Piłce Nożnej 2020,2018,6,"3,1698949256429447",177081
Narodowe Święto Niepodległości,2021,11,"2,4067967235003023",177011
Emmanuel Macron,2017,5,"6,575224789759982",176994
Dominik Tarczyński,2024,11,"6,741144623197592",176091
Kylian Mbappé,2018,7,"5,513066357129039",176061
Kazimierz III Wielki,2017,1,"5,175938419717408",175701
wiki.phtml,2025,7,"2,552798819130788",175679
Iga Świątek,2022,6,"3,29928597622797",175460
Przemysław Czarnek,2026,3,"5,716022964968742",174732
Mistrzostwa Europy w Piłce Nożnej 2016,2021,6,"2,4675084888164815",174518
Stanisław Marusarz,2022,1,"3,4893742435211066",173998
Mistrzostwa Europy w Piłce Siatkowej Mężczyzn 2017,2017,8,"4,5465684587320165",173883
Stanisław Tym,2024,12,"3,861635220125786",173810
Mołdawia,2022,3,"7,447532669853689",173381
Cristiano Ronaldo,2018,7,"3,808365876064838",173070
Kamila Skolimowska,2016,8,"4,619392373055201",172908
Krzysztof Sadowski (muzyk),2019,8,"2,5322016283924107",172792
Czeczenia,2022,3,"6,193514294363513",172569
Letnie Igrzyska Olimpijskie 2024,2024,8,"4,3567434292591924",172392
Cameron Boyce,2019,7,"4,2338551461086205",172252
Anna German,2022,1,"5,0508762910248555",172163
Kamala Harris,2024,7,"2,6091107323355764",172073
Amanda Anisimova,2025,7,"2,8182693121245452",171921
Strona główna,2015,8,"3,5023600617259647",171852
Mistrzostwa świata w piłce siatkowej mężczyzn,2022,9,"4,338178130243103",171725
Taylor Swift,2024,8,"7,014868747570346",171487
Koalicja Obywatelska,2023,10,"6,3951724975376765",171375
Witold Paszt,2022,2,"3,1414078527884204",170834
Zamach z 11 września 2001 roku,2021,9,"7,242891615784449",170268
Adam Nawałka,2016,6,"4,70850923780521",170229
YouTube,2023,2,"3,4375708110953433",170146
Luka Modrić,2018,7,"5,737107924196745",170131
Puchar Świata w skokach narciarskich 2020/2021,2021,1,"2,7333832555698496",169268
Ołena Zełenśka,2022,2,"3,3200348707106624",168992
Józef Piłsudski,2017,11,"3,9928834799863706",168285
Henryk VIII Tudor,2022,4,"7,620946915956413",168253
Rzeź wołyńska,2018,7,"4,718374999804407",168237
Daniel Passent,2021,1,"3,7234651457438583",168203
Strona główna,2015,9,"3,445644450901351",167957
Aleksandra Mirosław,2024,8,"3,205795827719771",167655
Aborcja w Polsce,2020,10,"4,634401521946987",167594
Osman II,2016,9,"4,043224433626548",167330
Wanda Rutkiewicz,2018,1,"6,87294052921449",167239
5G,2020,4,"5,207487407737636",167186
Gibraltar,2015,9,"9,114373207602197",166937
Maryla Rodowicz,2017,12,"5,157236831708364",166820
Donald Tusk,2023,10,"5,063322279793916",166185
Ośmiotysięcznik,2018,1,"3,3620274776577297",166014
Magdalena Biejat,2025,4,"3,6013611599245365",165982
Wilhelm (książę Cambridge),2018,5,"4,705216803580095",165923
Freddie Mercury,2019,2,"4,375037275954935",165822
Powstanie warszawskie,2018,8,"4,4753771499761115",165708
Dawid Kwiatkowski,2018,1,"6,010661481635419",165605
Kornel Morawiecki,2019,10,"4,390906198795202",165211
Natalia Janoszek,2023,6,"3,6694130541592656",164803
Irena Szewińska,2018,6,"5,183723017324122",164646
RMS Titanic,2020,4,"5,089744489681315",164558
Sławomir Mentzen,2025,4,"3,35821496121077",164519
Tomasz Beksiński,2016,9,"5,705015435926595",164394
Letnie Igrzyska Olimpijskie 2020,2021,8,"3,920682024787978",164362
Filip (książę Edynburga),2020,12,"4,182501320281461",164231
Strona główna,2015,10,"3,390952837484856",164201
Gwiezdne wojny,2015,11,"4,32460989853507",164196
Obdżektor,2018,12,"3,1519841119507155",164101
Iga Świątek,2024,6,"3,1498574956367675",164057
Zygmunt Szendzielarz,2016,4,"5,764538557115288",163844
Wybory parlamentarne w Polsce w 2019 roku,2019,10,"5,370867272213603",163492
Sharon Tate,2019,8,"6,533011790709419",163458
Wojna w Donbasie,2022,3,"3,301140099947161",163440
Harry Potter,2015,7,"3,376634332732618",163397
Leszek Czarnecki,2018,11,"4,562387505783686",163394
MF Jan Heweliusz,2025,11,"2,5641819731746334",163306
Mistrzostwa Europy U-21 w Piłce Nożnej 2017,2017,6,"4,182446580223953",163134
Strona główna,2015,7,"4,371950559660435",162896
Marek Jakubiak,2025,4,"5,486775085541028",162863
Adam Małysz,2018,1,"4,109773124333013",162630
Letnie Igrzyska Olimpijskie 2016,2016,7,"3,3344489883255437",162436
Adam Nawałka,2018,6,"4,538277798612267",162415
Lisa Marie Presley,2023,1,"6,382182863851406",162146
Freddie Mercury,2018,12,"4,298590036040876",162066
Benedykt XVI,2023,1,"5,538017373038548",161473
Powódź tysiąclecia we Wrocławiu,2022,10,"2,1356896806432624",161439
Syria,2024,12,"5,319579831045035",161405
Adam Bodnar,2024,1,"4,870587529616412",161321
Katarzyna Aragońska,2022,4,"5,100844138399107",161124
Włodzimierz Czarzasty,2025,11,"4,9668399545238",160770
Maciej Berbeka,2018,1,"3,2627795864868294",160551
Sulejman Wspaniały,2016,4,"3,294206281325931",160534
Mistrzostwa Świata w Piłce Ręcznej Mężczyzn 2021,2021,1,"2,5989927196569265",160331
Elżbieta Bawarska,2024,11,"4,993539258811878",160262
Puchar Świata w skokach narciarskich 2017/2018,2018,1,"2,762964857706303",160244
Ariana Grande,2017,5,"6,703733260689817",160209
Joanna Schmidt,2017,1,"2,6141262664998184",159947
Reprezentacja Polski w piłce nożnej mężczyzn,2021,6,"4,428723159197931",159683
Konfederacja Wolność i Niepodległość,2023,10,"5,0649282680301795",158989
Krystian Ochman,2022,5,"4,395157488750804",158452
Jerzy VI Windsor,2020,11,"4,62387546673117",158347
Sławosz Uznański-Wiśniewski,2025,7,"3,182352101849849",158047
Henryk z Walii,2018,5,"3,6377990869866386",158034
Maksymilian Sznepf,2025,5,"3,205083974220753",157779
Wilhelm (książę Cambridge),2022,9,"4,521321574360517",157688
Polska na letnich igrzyskach olimpijskich,2024,8,"3,22848963258899",157452
9K720 Iskander,2022,2,"2,157721189417917",157410
Dawid Kubacki,2020,1,"4,272346859331247",157399
Franciszek Smuda,2024,8,"3,6819213699918873",157361
Heweliusz (serial telewizyjny),2025,11,"2,5614518023457786",157314
Marta Lempart,2020,11,"3,341991184231668",157093
YouTube,2022,10,"3,250353736660598",157078
Kamala Harris,2020,11,"2,467382184042404",156917
Jan Kaczkowski (1977–2016),2023,4,"4,399104160997988",156903
Henryk VII Tudor,2022,4,"5,42970408907931",156808
Reprezentacja Polski w piłce siatkowej mężczyzn,2023,9,"3,869093860513653",156715
RMS Titanic,2016,12,"4,891990165091387",156601
Linia sukcesji do brytyjskiego tronu,2022,9,"3,6566927930948148",156512
Republika Chińska,2022,8,"6,697487126904303",156025
Jan Paweł II,2018,10,"2,9161498316360386",155920
Narodowe Święto Niepodległości,2022,11,"2,239080100456718",155908
Bitwa Warszawska,2020,8,"5,626549114007469",155532
Krzysztof Piątek,2019,1,"4,054145429599737",155377
Marcin Najman,2020,11,"5,726522341528485",154893
Rafał Trzaskowski,2025,6,"3,126080301876396",154827
Karol Acutis,2025,9,"5,50976831223014",154746
Paweł Królikowski,2020,3,"5,482059680188899",154674
Prezydenci Stanów Zjednoczonych,2020,11,"5,099578123012184",154530
Panama,2016,7,"3,0781331281702493",154301
Muhammad Ali (bokser),2016,6,"5,379834750020017",154159
Anna (księżniczka angielska),2021,4,"3,8329153439866506",154150
Henryk V Lancaster,2019,11,"3,783891792191823",153952
Wilhelm (książę Walii),2022,9,"5,235571697827672",153936
Małgorzata Windsor (księżniczka),2021,1,"3,6182520096777675",153929
Mata (raper),2021,10,"5,124602796668918",153846
Wybory prezydenckie w Polsce w 2015 roku,2020,7,"3,1906622941745666",153786
Ryszard Bogucki,2026,1,"4,595927345894116",153299
Czarnobyl,2019,5,"5,967480190235685",153197
Benedykt XVI,2022,12,"5,281569130015145",152348
RMS Titanic,2021,12,"4,7853216265542535",152309
Marcin Rogacewicz,2025,9,"3,6973195790807827",151809
Puchar Świata w skokach narciarskich 2019/2020,2020,1,"2,764171220591295",151762
Mistrzostwa Europy w piłce nożnej,2016,6,"3,045086150776378",151689
Jan Kaczkowski (1977–2016),2023,3,"4,281924987998288",151494
Mistrzostwa Świata w Piłce Nożnej 2018 (eliminacje strefy UEFA),2017,10,"2,6280892719675397",151348
Związek Socjalistycznych Republik Radzieckich,2022,3,"5,023048194060606",151206
Jewgienij Prigożyn,2023,8,"2,612755575629759",151158
Izrael,2025,6,"4,033589674517607",150919
Stan wojenny w Polsce (1981–1983),2021,12,"5,575734623602692",150795
Zimowe igrzyska olimpijskie,2022,2,"4,439675727229376",150714
Jan Paweł II,2020,4,"2,850217521322005",150555
Diana (księżna Walii),2018,5,"4,591060993793068",150430
Adam Mickiewicz,2016,10,"4,32733464227184",150257
Murad III,2016,4,"4,758048157469667",150064
Siły Zbrojne Rzeczypospolitej Polskiej,2022,2,"5,862256171936227",150028
Elżbieta Bawarska,2024,12,"4,7310689555409615",149729
Elżbieta Bowes-Lyon,2021,4,"4,958697466466522",149459
Jacek Sutryk,2024,11,"3,203519329763854",149392
Agata Passent,2021,1,"3,474380439287194",149267
Wojciech Frykowski,2021,1,"4,407699698051057",148971
Konflikt izraelsko-palestyński,2023,10,"3,946029420499317",148801
Baszszar al-Asad,2024,12,"4,38213586760103",148795
Jerzy Górski (triathlonista),2019,10,"4,445244759331242",148674
Ryszard Szurkowski,2021,2,"3,0589187286789907",148593
Ryszard Czarnecki,2024,9,"5,489510410251954",148542
Zniewolona,2019,8,"2,8838420914926424",148323
Szymon Hołownia,2024,1,"3,1808016270714714",148167
Ilia Malinin,2026,2,"3,3394440270473327",147906
Stan wojenny w Polsce (1981–1983),2016,12,"5,488070420459355",147906
Puchar Świata w skokach narciarskich,2021,1,"4,042583717474952",147898
Wybory prezydenckie w Polsce,2020,6,"3,924154840366844",147325
Arabia Saudyjska,2022,11,"7,988632039573821",146929
Paulo Sousa,2021,6,"2,8799588500534843",146925
Sprawa Tomasza Komendy,2024,2,"4,035073789591784",146531
Jowisz,2017,4,"7,510733454094126",146484
Strona główna,2018,12,"3,129769805042984",146264
Lanberry,2022,9,"4,838123577805005",146181
Liga Mistrzów UEFA,2020,8,"3,821707306887936",145973
Avicii,2025,1,"4,461545764160012",145850
Freddie Mercury,2019,1,"3,9671965428883955",145784
James Bond (seria filmów),2021,10,"6,208051073307705",145752
Mistrzostwa Świata w Piłce Nożnej 2018,2018,5,"2,7503899055160463",145677
Mistrzostwa Europy w piłce nożnej,2021,7,"2,96285867266557",145590
Mistrzostwa Europy w piłce nożnej,2021,6,"2,962696887170025",145578
Pornhub,2024,1,"4,357670739496737",145530
Ayrton Senna,2024,12,"5,554212985619717",145277
Aleksander Miszalski,2026,5,"3,814351885534134",145062
Adam Małysz,2021,1,"3,772387991749093",144986
Halina Żytkowiak,2021,4,"2,676832912641077",144488
Pornhub,2023,12,"4,3315992840367885",144400
Konstytucja 3 maja,2020,5,"3,691004063938659",144256
Elżbieta Zającówna,2024,10,"2,608843594334834",144210
Polska na letnich igrzyskach olimpijskich,2021,8,"3,033582305598981",143681
Sinice,2018,7,"4,008582832076358",143396
Melania Trump,2017,1,"3,7506769200412178",143384
Katastrofa w Czarnobylskiej Elektrowni Jądrowej,2024,1,"4,302441068065852",143371
Kolumbia,2018,6,"7,514125800626672",143358
Lionel Messi,2018,6,"4,149821458001428",143340
Daniel Obajtek,2021,2,"4,299084725239503",143163
Malta,2025,11,"4,280482893581004",143078
RMS Titanic,2023,6,"4,552698718654074",142949
Magda Umer,2025,12,"3,2107690640912536",142840
Historia Ukrainy,2022,2,"5,179373575209894",142816
MiG-29,2022,3,"5,083755481754432",142640
Hervé Renard,2022,11,"3,275306305472488",142585
Magda Linette,2023,1,"5,184163461302888",142321
Kaja Godek,2020,4,"3,1513406775509467",142286
Puchar Świata w skokach narciarskich 2018/2019,2019,1,"2,4151794684082684",142276
Adrian Zandberg,2025,4,"4,074197942870323",142168
Diana (księżna Walii),2021,4,"4,3935441538250775",142156
Rafał Trzaskowski,2024,11,"2,951327400836734",142101
Ewa Zajączkowska-Hernik,2024,7,"5,479370142042507",142080
LP (piosenkarka),2016,9,"3,5083632469678983",141779
Kamil Grosicki,2016,6,"5,337296601599608",141539
Kamila (królowa Wielkiej Brytanii),2023,5,"4,184318225047399",141539
Liam Payne,2024,10,"2,443086652726067",141473
Stepan Bandera,2022,3,"5,5374270835840775",141374
Wybory prezydenckie w Polsce w 2025 roku,2025,5,"3,7338828719751875",141286
Grypa,2020,3,"4,809418694627229",141127
Antoine Griezmann,2016,7,"4,393474236222951",140895
Mistrzostwa Europy w Piłce Siatkowej Mężczyzn 2015,2015,10,"3,293296489878912",140755
Hymn Polski,2020,11,"3,8875340761970807",140737
Irlandia Północna,2016,6,"4,610672414930823",140702
Krzysztof Stanowski (ur. 1982),2025,5,"4,1285364768683275",140659
Doniecka Republika Ludowa,2022,2,"4,0837266776855365",140462
Michał Probierz,2024,6,"2,99629184545595",140179
Liga Mistrzów UEFA,2022,5,"3,709243317047143",140155
Halloween,2016,10,"2,518103601629649",139956
Papież,2025,5,"6,032762679990609",139950
Jerzy Połomski,2022,11,"2,5743868310287135",139893
Turniej Czterech Skoczni,2018,1,"2,881591244947691",139828
Marina Łuczenko-Szczęsna,2022,12,"5,8208529416321175",139496
Powstanie warszawskie,2016,8,"3,920036848675588",139229
George W. Bush,2018,12,"6,005788659979147",139226
Denis Urubko,2018,2,"2,6266832318050657",139162
Jeremi Przybora,2021,1,"3,0548808881464673",139006
Queen,2018,11,"5,6057098499560185",138907
Małgorzata Kidawa-Błońska,2019,9,"3,5599393579053475",138902
Kazimierz III Wielki,2018,3,"4,29951674952074",138826
Thiago Cionek,2016,6,"2,912514937034654",138708
Maryla Rodowicz,2017,9,"4,456520294459813",138702
Wielka Brytania,2016,6,"3,6190617156425864",138608
Karol (książę Walii),2020,12,"3,965188236421113",138598
Zimni ogrodnicy,2020,5,"3,455737216491006",138472
Matthew Perry (aktor),2023,10,"3,604631225918285",138240
Janusz Korwin-Mikke,2023,10,"5,304239944578108",137832
Siły Zbrojne Rzeczypospolitej Polskiej,2022,3,"5,463529155266254",137725
Roman Giertych,2020,10,"5,089680772086117",137720
Felicjan Andrzejczak,2024,9,"4,577264496062541",137096
Karol III,2022,9,"4,454808735385322",137082
Simona Kossak,2025,2,"3,6633748580598415",137045
Mirra Andriejewa,2026,6,"3,79458394534984",136986
Reprezentacja Polski w piłce nożnej mężczyzn,2022,12,"3,9409634671451803",136967
Wiedźmin (serial 2019),2019,12,"2,658293604730457",136787
Liga Narodów UEFA (2018/2019),2018,9,"2,524971372079912",136406
Rzeź wołyńska,2022,2,"4,014625838897295",136396
Oppenheimer (film),2023,7,"4,131837995559519",136314
Artur Boruc,2017,11,"5,09682335242498",136299
Wielka Brytania,2022,9,"3,5740338921133596",136225
Harry Potter (seria filmów),2020,3,"3,950284487727599",135818
Przemysław Czarnek,2020,10,"4,665464242651826",135808
Strona główna,2016,2,"2,973805515558405",135553
Katarzyna (księżna Cambridge),2018,5,"4,571877347538072",135512
Ryszard Petru,2015,10,"4,028691869891427",135432
Roksana Węgiel,2019,1,"4,6031378128022125",135246
Pandemia COVID-19 w Polsce,2020,5,"3,3627674074506007",135069
Islandia,2016,7,"4,778516547273169",135038
Sulejman Wspaniały,2016,3,"2,929182152611285",134992
Holandia,2020,1,"4,662886538588065",134963
Franciszek Józef I,2022,10,"6,0480153453207315",134934
Żołnierze wyklęci,2017,3,"3,667762866129483",134830
Lista filmów Marvel Cinematic Universe,2019,4,"3,376874372068141",134752
Sean Connery,2020,10,"5,7533641672233555",134704
Estonia (prom),2025,11,"3,605757511269322",134689
Marian Kociniak,2016,3,"4,359717758182858",134452
Gdańsk,2018,11,"4,792123870243078",134225
Andrzej Duda,2015,8,"4,0447134699001515",134203
Robert Lewandowski,2022,7,"2,507847929829493",134107
Józef Stalin,2022,3,"4,858184831074819",134053
Mistrzostwa Świata w Piłce Nożnej 2022,2022,3,"2,4504461404589377",133915
Tajemnice fatimskie,2017,5,"5,030003871018588",133738
Fryderyk Chopin,2021,3,"3,625550272568395",133616
Stephen Hawking,2019,3,"4,70812678757732",133599
Jerzy Kukuczka,2018,2,"4,966834460951748",133387
Zenon Martyniuk,2019,12,"4,975497797512336",133240
Diana (księżna Walii),2020,12,"4,163943360156703",132538
Lista filmów Marvel Cinematic Universe,2018,5,"3,3372398205570692",132505
Alicja Szemplińska,2026,5,"2,873590052690856",132419
Kornel Morawiecki,2015,11,"3,716937307367334",132374
Wołyń,2016,10,"4,595949237763533",132275
Antoni Macierewicz,2015,11,"4,694236864141783",132196
Matka Teresa z Kalkuty,2016,9,"6,056667152965205",132042
Radosław Wiśniewski (przedsiębiorca),2025,6,"3,8428976323645103",131900
Telewizja Republika,2023,12,"5,107466774230963",131813
Jadwiga Andegaweńska,2018,1,"5,2059699285023795",131805
Anakin Skywalker,2016,1,"3,3692137631063486",131599
Historia Ukrainy,2022,3,"4,848778375088156",131519
Wybory parlamentarne w Polsce w 2023 roku,2023,10,"4,660682261906182",131516
Marcin Rogacewicz,2025,10,"3,3343589303191243",131381
Luna (polska piosenkarka),2024,5,"3,199409869701531",131084
Stranger Things,2019,7,"4,266806303610612",131012
Fryderyk Chopin,2020,3,"3,572338252763644",130908
Jan Kobuszewski,2019,9,"3,0970094260430483",130901
Palestyna (państwo),2021,5,"4,08924235769865",130807
Łukasz Szumowski,2020,4,"2,3253916714018996",130620
Reprezentacja Argentyny w piłce nożnej mężczyzn,2022,12,"4,272268595993707",130620
Wołyń,2018,7,"4,549978599341101",130584
Leonardo DiCaprio,2016,2,"6,458697671917523",130517
Wiedźmin,2021,12,"6,238200116854435",130379
Reprezentacja Polski w piłce ręcznej mężczyzn,2016,1,"4,006750730432109",130353
Mołdawia,2023,6,"5,840306687234668",130161
Kirk Douglas,2020,2,"5,057064046202914",130124
Konstytucja 3 maja,2017,5,"3,4260750993719804",130054
Konstytucja 3 maja,2021,5,"3,426056445030017",130053
Rzut młotem,2016,8,"3,225898244651673",129850
Selim II,2016,4,"3,5701974551635396",129437
Mehmed III,2016,4,"4,035837002815275",129401
Pelé,2018,6,"3,7181692172120324",129209
Matty Cash,2021,11,"2,941013301681095",128954
Mustafa (książę),2016,2,"4,085419311567298",128807
Lionel Messi,2022,11,"3,8285777069713784",128722
Pułk „Azow”,2022,3,"2,227726080332357",128610
Péter Magyar,2026,4,"2,370771529185786",128455
Aleksandra Dulkiewicz,2019,1,"3,2853960886234526",128384
Edward Gierek,2022,11,"3,9762949956101847",128336
Jakub Błaszczykowski,2018,6,"4,144904267860857",128274
Józef Piłsudski,2015,11,"3,2808962665485697",128251
Elvis Presley,2022,9,"5,735509350220914",128183
Diane Keaton,2025,10,"3,5570010338784814",128112
RMS Titanic,2016,2,"4,183732939734624",128103
Mustafa I,2016,9,"3,4025750046957977",127911
Jerzy Górski (triathlonista),2017,11,"3,960878606706525",127772
Mistrzostwa Świata w Piłce Nożnej 2018,2022,11,"2,5323552215661715",127531
Anita Włodarczyk,2021,8,"3,12945849591243",127305
Cristiano Ronaldo,2022,11,"3,065048460979885",127262
Irena Santor,2024,12,"5,300418811710503",127222
Ryszard Petru,2015,12,"3,8424071651403846",127102
Mount Everest,2018,2,"5,587136394066365",126880
Prezydenci Stanów Zjednoczonych,2016,11,"4,364821195183476",126834
Romina Power,2018,12,"3,287510058390245",126707
Adam Bodnar,2023,12,"4,031334912875266",126342
Konstytucja 3 maja,2016,5,"3,3552445629362895",126257
Elon Musk,2025,3,"3,9807428618070206",126155
Bolesław I Chrobry,2025,4,"5,72614288146641",126055
Agnieszka Osiecka,2024,5,"3,177307500310868",125852
Strona główna,2016,3,"2,8321402581225477",125824
Epidemia,2020,3,"2,7087605305458045",125706
Neymar,2022,12,"5,737352023978928",125617
Powstanie styczniowe,2023,1,"4,846582802991877",125508
Ranking FIFA,2017,6,"3,679231731360918",125473
Dzień Babci,2021,1,"2,2123914097752286",125452
Sofia Ennaoui,2018,8,"4,470786835569147",125418
Lista laureatów Nagrody Nobla związanych z Polską,2019,12,"4,973551329653634",125159
Céline Dion,2023,10,"4,9616714014194825",125152
Konkurs Piosenki Eurowizji 2018,2018,5,"2,995494200899244",124979
Reprezentacja Polski w piłce siatkowej mężczyzn,2024,8,"3,284657234134092",124792
YouTube,2024,1,"2,7872106709790505",124750
Tomasz Organek,2017,3,"4,563956536743382",124617
Ekipa Friza,2021,4,"3,6002306715103973",124448
Ranking FIFA,2018,6,"3,651536867279347",124176
Michał Szpak,2016,5,"4,865083225984721",124142
Tadeusz Pietrzykowski,2023,4,"3,975747211628552",124129
Siły Zbrojne Ukrainy,2022,2,"2,9857442280923507",124111
Wybory prezydenckie w Polsce w 2020 roku (drugie),2025,5,"3,163713793034707",124044
Anna (księżniczka angielska),2020,11,"3,279472537058523",124035
Reprezentacja Polski w piłce siatkowej mężczyzn,2022,9,"3,268637998846615",123917
Filip Gurłacz,2025,3,"3,4695553905981673",123833
Lista najwyższych szczytów Ziemi,2018,1,"3,474006748031824",123736
Wiktor Janukowycz,2022,3,"3,2197515773579477",123487
Grenlandia,2025,3,"5,126443415502492",123405
Roksana Węgiel,2018,12,"4,285093923917764",123308
Wybory do Parlamentu Europejskiego w Polsce w 2019 roku,2019,5,"3,56973465188507",123282
Wiesław Gołas,2021,9,"4,289761338429057",123093
Ryszard Kukliński,2021,12,"4,369297264948029",122835
Zbór Leczenia Duchem Świętym „Niebo”,2026,1,"2,3901032936166358",122735
Reprezentacja Francji w piłce nożnej mężczyzn,2022,12,"3,430589937229477",122651
Wirus SARS,2020,3,"2,3337923922408166",122612
I wojna światowa,2022,11,"3,0554829873534053",122610
Hymn Polski,2018,10,"3,5153504321354845",122597
Cristiano Ronaldo,2016,6,"2,9890583401528934",122579
Nicola Zalewski,2024,6,"4,505527758636187",122576
Murad IV,2016,9,"3,044038059023174",122560
Marek Kuchciński,2019,8,"4,287753951853144",122505
Sulejman Wspaniały,2015,12,"2,7501999981980743",122468
Mistrzostwa Europy w Piłce Nożnej 2020,2018,7,"2,5003410264355717",122440
Fidel Castro,2016,11,"5,22559080965709",122289
Ahmed I,2016,9,"3,3053053422287144",122277
Szymon Hołownia,2019,12,"2,798545537261408",122196
Saga o wiedźminie,2020,1,"4,802844116479086",122020
Jewgienij Prigożyn,2023,6,"2,299343123063956",121783
Mistrzostwa Świata w Piłce Nożnej 2018,2022,12,"2,4621361819429453",121687
Lionel Messi,2021,8,"3,6733285722133715",121656
Joka,2025,5,"3,6262996096853306",121654
Jan Paweł II,2016,4,"2,4908403450846732",121312
Gerd Müller,2021,5,"2,58026075619296",121206
Dzień Matki,2023,5,"2,045691115821931",121118
YouTube,2022,11,"2,7338019432860037",121022
Armand Duplantis,2024,8,"4,247525018240561",120985
Wołyń,2022,3,"4,287693135414646",120936
Michalina Wisłocka,2017,2,"3,080424171798893",120874
Kazimierz III Wielki,2018,4,"3,8690184251201365",120713
Wielka Orkiestra Świątecznej Pomocy,2019,1,"2,5069566431883037",120648
Żołnierze wyklęci,2016,2,"3,3861858399230385",120599
Robert Lewandowski,2022,11,"2,354945730293293",120508
Stanisław Żółtek,2020,6,"2,6054739741852355",120445
Wojna domowa w Syrii,2015,9,"4,7895596587416716",120416
Wybory parlamentarne w Polsce w 2015 roku,2015,10,"3,6685651363129126",120364
Céline Dion,2024,7,"4,807639048846754",120286
Prezydenci Stanów Zjednoczonych,2024,11,"4,188905063307676",120203
Fame MMA,2021,5,"3,2493194206813016",120187
Jeffrey Dahmer,2022,11,"2,9816395511661145",120112
Waldemar Żurek,2025,7,"3,8646837133861274",120099
Lady Gaga,2019,2,"4,872722379946448",119927
Ryszard Kukliński,2016,9,"4,2878865583063535",119867
Melania Trump,2024,11,"3,2968225866567273",119726
Malta,2025,3,"3,7444051052610487",119697
Val Kilmer,2025,4,"4,9133030608812645",119667
Janusz Waluś,2024,12,"3,331434339041257",119627
Karol (książę Walii),2018,5,"3,5585713829549444",119592
Islam,2015,11,"4,635823334186891",119574
Jacek Jaworek,2024,7,"2,766094935657183",119571
Rzeź wołyńska,2023,7,"3,639776249720302",119436
Dawid Kostecki,2019,8,"3,982840556525869",119335
Michele Morrone,2020,6,"3,283653220435005",119315
Kornel Morawiecki,2017,12,"3,447201973105829",119232
Order Orła Białego,2026,6,"6,345772222266434",119181
Czarna śmierć,2020,4,"3,52509453826914",119090
Danuta Siedzikówna,2016,8,"4,890688943949899",119062
Mistrzostwa Europy w piłce siatkowej mężczyzn,2023,9,"3,6195941631227835",118649
Fryderyk Chopin,2021,10,"3,3257512377969447",118359
Emmanuel Macron,2022,4,"4,7247271360933345",118247
Harry Potter (seria filmów),2018,1,"3,5674488247926397",118194
Anita Włodarczyk,2016,8,"2,975518069279604",118102
Jan Błachowicz,2021,3,"4,863627250259293",117890
Jan Paweł I,2025,4,"3,419831826375429",117730
Vital Heynen,2018,9,"3,7856530926951852",117631
Elżbieta II,2023,5,"2,0783905898618076",117616
Harry Potter (seria filmów),2020,4,"3,554415381887455",117594
Ranking FIFA,2016,6,"3,508428942009733",117474
Wilfredo León,2024,8,"3,063561563894655",117399
Elon Musk,2024,11,"3,7702675628779203",117247
Bob Dylan,2016,10,"4,186863753589752",117202
Jakub Błaszczykowski,2023,6,"3,8728874169309253",117179
Brigitte Macron,2017,5,"4,8248752657053275",117154
Marszałek Sejmu Rzeczypospolitej Polskiej,2023,11,"4,191585940835713",117107
Kazik Staszewski,2020,5,"6,32109941648034",117088
Dolores O’Riordan,2018,1,"3,8531649477417016",117066
Bitcoin,2017,12,"4,8644813094448125",116995
Dzień Matki,2020,5,"2,008782270186934",116843
Lista państw świata według liczby ludności,2020,4,"4,429997636924006",116710
Konrad Krajewski,2025,4,"3,7243360214216765",116663
Hillary Clinton,2016,11,"4,0548927094875555",116546
Palestyna (państwo),2023,11,"3,7515698931859425",116509
Linkin Park,2017,7,"4,95425332096223",116490
Bayraktar TB2,2022,3,"2,8788211298151403",116433
Bartosz Kurek,2018,10,"3,7194660850743",116400
Barack Obama,2016,11,"5,38054636850037",116358
Mistrzostwa Europy w Piłce Nożnej 2024,2024,3,"2,5103249528618763",116347
Freddie Mercury,2019,3,"3,365734246109809",116233
Lista państw świata według liczby ludności,2020,3,"4,411129825101314",116068
Marian Turski,2025,2,"2,6630461275661412",115993
James Bond,2016,1,"3,663396091423562",115990
San Marino,2021,10,"5,641787767270493",115974
Pandemia grypy hiszpanki,2020,4,"3,4603382533607596",115821
Petro Poroszenko,2022,2,"3,4032926198196884",115525
Robert Karaś,2022,8,"4,049117254451436",115516
Małgorzata Kidawa-Błońska,2020,2,"3,1287554748561273",115506
Artur Szpilka,2016,1,"4,849408298485972",115497
Mistrzostwa Świata U-20 w Piłce Nożnej 2019,2019,5,"2,4474221170525303",115485
Szariat,2015,9,"4,017874278886545",115462
Diego Maradona,2022,12,"3,3595209385027283",115449
Stanisław Dziwisz,2020,11,"3,9842719240914626",115397
Józef Piłsudski,2016,11,"3,0517065972781263",115364
Meghan (księżna Sussexu),2021,3,"3,912230425569687",115358
Epidemia ospy prawdziwej we Wrocławiu,2025,11,"2,3344626046378667",115150
Kijów,2022,2,"3,151441527100616",115116
Sara James,2022,6,"4,329455685453782",115014
Andrzej Duda,2020,5,"3,6042825601448696",114790
Wojciech Olszański,2021,11,"5,238656740266427",114598
Halloween,2017,10,"2,2426121251827715",114558
Konstytucja 3 maja,2021,4,"3,131709583186781",114274
Taco Hemingway,2018,4,"4,571826459765947",114188
Stany Zjednoczone,2020,4,"2,3648004114672574",114102
Wojciech Szczęsny,2022,11,"4,0137827273725915",114073
Elon Musk,2025,2,"3,6924852678538302",113955
Sławomir Zapała,2017,12,"2,710638883517894",113871
Kamila (księżna Kornwalii),2020,11,"3,3269061581330335",113862
Siły Powietrzne,2022,3,"6,59202999687014",113759
Mołdawia,2022,5,"5,229211255203702",113728
Kot Schrödingera,2018,3,"5,5324322234198355",113664
RMS Titanic,2017,4,"3,8226206692442832",113573
Napoleon Bonaparte,2023,11,"4,63430681234865",113548
Jannik Sinner,2025,7,"3,9463620284986485",113518
Wtyk amerykański,2024,10,"3,1491636338848514",113501
I wojna światowa,2018,11,"2,9025076649590247",113485
Kuba Badach,2024,9,"4,040341578656361",113412
Puchar Świata w skokach narciarskich,2018,3,"3,3297154177301995",113246
Państwa posiadające broń jądrową,2022,3,"2,8810766083891597",113180
Władysław Kosiniak-Kamysz,2020,6,"4,0760938227142836",113147
Dżuma,2020,4,"4,435321999163924",113065
Robert Biedroń,2019,2,"4,295647905361564",113014
Edward VII,2022,9,"5,303532585620129",112941
RMS Titanic,2017,11,"3,8066402707635336",112930
Leonard Cohen,2016,11,"2,4281558310144193",112910
Robert Lewandowski,2015,10,"2,268763263976286",112843
Partie polityczne w Polsce,2023,10,"5,017744358521152",112772
Powstanie warszawskie,2017,4,"3,364235144503785",112728
Kösem,2016,5,"2,890149845081566",112663
Henryk Gulbinowicz,2020,11,"2,390671297820504",112641
Rafał Brzoska,2025,2,"5,478555427614362",112589
Maciej Kurzajewski,2022,10,"4,051389579285101",112540
Blanka Lipińska,2020,2,"3,8653479050075776",112456
Marta Lempart,2020,10,"2,6765149720635226",112455
Diana (księżna Walii),2022,11,"3,6807742955021086",112298
Henryk Sienkiewicz,2016,11,"3,9223303147287574",112225
Fryderyk Chopin,2021,2,"3,198635818255979",111890
Palestyna,2023,10,"3,8028684619627904",111784
Konfederacja KORWiN Braun Liroy Narodowcy,2019,5,"2,784575966999892",111617
Harry Potter,2017,1,"2,623455847380341",111615
Państwa Europy,2019,9,"2,720985429489746",111574
Anna Przybylska,2023,4,"4,5406047507885585",111501
Elon Musk,2018,2,"3,6336523654814163",111465
Dekalog,2020,11,"4,2212290897528755",111440
Konkurs Piosenki Eurowizji 2019,2019,5,"3,5359051863995763",111371
Wiktoria (królowa Wielkiej Brytanii),2022,9,"5,484182759106743",111344
Tomasz Jakubiak (kucharz),2025,5,"2,9053940514199295",111122
Bogdan Kacmajor,2026,1,"2,4339027239111775",111100
LGBT,2019,3,"3,2537546133326836",111019
Marek Jakubiak,2025,5,"4,05175202665527",110774
Mariusz Pudzianowski,2016,12,"4,734697689138028",110750
Robert Lewandowski,2017,10,"2,2441172149003723",110651
Zbigniew Ścibor-Rylski,2018,8,"2,918964517625232",110328
Atak atomowy na Hiroszimę i Nagasaki,2022,3,"5,665855328394739",110202
Christian Eriksen,2021,6,"2,9769102423796623",110191
Donald Trump,2025,3,"2,6844260916518397",110086
Edward (hrabia Wesseksu),2021,4,"2,711618822320963",109978
Strona główna,2016,4,"2,600152296207851",109892
Mistrzostwa Europy w Piłce Nożnej 2016 (eliminacje),2015,10,"2,5769751541799635",109867
Luke Perry,2019,3,"3,414320443238354",109812
Agata Mróz-Olszewska,2016,12,"3,5809311409776923",109775
Michael Schumacher,2021,9,"6,3821861274861815",109716
Wielkanoc,2016,3,"2,8539705489285447",109593
Papież,2025,4,"4,933827340168764",109391
Hymn Polski,2019,11,"3,2441939249735188",109381
Rzeź wołyńska,2022,4,"3,414468660565216",109242
Dzień Ojca,2018,6,"2,2349230215322327",109073
Stan Lee,2018,11,"2,529222008723825",109032
Piotr Żyła,2017,1,"3,330080758021236",108890
Tomasz Jakubiak (kucharz),2025,4,"2,8628699001025377",108642
Wielki Szlem (tenis),2020,10,"3,893830689220929",108372
Liban,2020,8,"5,149583843360531",108254
Carrie Fisher,2016,12,"3,3609439222608226",108152
Karl Lagerfeld,2019,2,"2,402516158319102",108136
Andrzej (książę Yorku),2021,4,"3,298782295832736",108020
Joanna Lichocka,2020,2,"3,2772036666537736",107940
Stanisław Tymiński,2026,3,"4,410504062702236",107795
Maryla Rodowicz,2016,12,"3,683284903687069",107674
Żołnierze wyklęci,2020,3,"3,127184836968758",107509
Popek (raper),2016,11,"3,176482915562987",107506
Tomasz Sekielski,2019,5,"2,347688113823654",107445
Powstanie warszawskie,2015,8,"3,252890242520912",107419
Ahmed I,2016,5,"3,023979494392844",107355
Jan Kulczyk,2015,8,"4,848362738474603",107280
Andrzej Lepper,2024,1,"5,316501680373869",107246
Wybory prezydenckie w Stanach Zjednoczonych w 2024 roku,2024,11,"3,7338758019054423",107178
Czesław Michniewicz,2022,1,"3,1959181580431775",107056
LGBT,2019,7,"3,172815746842227",107032
James Bond,2015,12,"3,4568736867208947",106996
Powstanie warszawskie,2024,8,"3,2440187236776734",106996
Siergiej Szojgu,2022,3,"2,8242520802557376",106942
Dancing with the Stars. Taniec z gwiazdami,2025,11,"3,630970639889555",106862
Wotum zaufania,2025,6,"2,3666810302531265",106778
Leopard 2,2023,1,"5,004112293447575",106748
Świńska grypa,2020,3,"2,22383547567275",106712
Stany Zjednoczone,2021,1,"2,2761914160035643",106694
Budka Suflera,2020,2,"5,854254483399445",106541
07 zgłoś się,2021,5,"5,198386712557192",106481
Matty Cash,2022,12,"2,6015301448864006",106400
Islandia,2018,6,"3,96820912297184",106079
Most Krymski,2022,10,"3,670340643526347",106076
Dom dobry,2025,11,"3,40953939889965",105986
Gra o tron (serial telewizyjny),2019,5,"4,03257995144783",105985
Elon Musk,2020,5,"3,5033693840832285",105951
Filip (książę Edynburga),2021,3,"3,0489908505775496",105737
Katastrofa w Czarnobylskiej Elektrowni Jądrowej,2019,7,"3,4334485861945336",105645
Edward VIII Windsor,2020,11,"4,2911860283053525",105626
Elvis Presley,2023,1,"4,895378090948034",105442
Irena Szewińska,2018,7,"3,677851480791465",105384
Roksana Węgiel,2019,11,"3,804671286268806",105275
Małgorzata Windsor (księżniczka),2023,12,"2,7903336272075925",105255
Bartłomiej Sienkiewicz,2024,1,"2,4447536800852436",105250
Gwiezdne wojny,2016,2,"3,127801889121393",105088
Popek (raper),2016,4,"3,126963299936145",105060
Diuna (powieść),2024,3,"3,4882114556250907",104915
Izrael,2021,5,"3,1075452812659368",104849
Turniej olimpijski w piłce siatkowej mężczyzn 2016,2016,8,"2,8141776888496217",104722
Roman Polański,2019,8,"5,081051444150253",104713
Zespół Aspergera,2017,8,"3,339049173427861",104529
Pogrom w Jedwabnem,2018,2,"4,645775066583349",104511
Krzysztof Wielicki,2018,1,"2,794373559858307",104350
Zdzisław Najmrodzki,2021,9,"3,232924202677216",104235
Żołnierze wyklęci,2019,3,"3,061494743018551",104189
Iran,2024,4,"4,23166267779464",104157
Kleopatra,2023,5,"2,095617167094007",103912
Przepowiednia Malachiasza,2025,4,"2,13603971728409",103887
Dodi Al-Fayed,2022,11,"3,33236010169522",103849
Robert Biedroń,2020,6,"4,0282962700150415",103846
Niki Lauda,2018,1,"3,9557608533629893",103812
Gra o tron (serial telewizyjny),2019,4,"3,9658824627877136",103654
Joker (film 2019),2019,10,"3,5235641066590153",103589
Premierzy Polski,2023,12,"4,5754739402881315",103571
Pablo Escobar,2016,9,"3,5210374358824987",103440
Mistrzostwa Europy w Piłce Nożnej 2020,2019,11,"2,267300341691042",103422
Melania Trump,2020,11,"2,9807475170463262",103250
Donald Trump,2026,1,"2,575804157071916",102987
Jan Paweł I,2025,5,"3,116802769047996",102987
Gwiezdne wojny: Przebudzenie Mocy,2015,12,"2,8997303289383214",102980
Strona główna,2016,5,"2,4974963125586793",102842
Mistrzostwa Świata w Piłce Nożnej 2022,2022,10,"2,1132405071258633",102782
Beata Szydło,2015,11,"3,5540313492886813",102732
YouTube,2022,8,"2,470139329427949",102618
Dżuma,2020,7,"4,116505790191093",102572
Sylwester Latkowski,2020,5,"2,4480784723890827",102453
COVID-19,2020,4,"2,540050806488019",102345
Margaret Thatcher,2020,12,"4,097548068691",102231
Joanna Opozda,2021,8,"3,544249511787334",102095
Liga Narodów w Piłce Siatkowej Mężczyzn 2019,2019,6,"2,3085870373695143",102041
Powstanie wielkopolskie,2018,12,"4,233118940990195",101941
Alan Rickman,2016,1,"4,034112980644009",101929
Aleksiej Nawalny,2022,3,"2,5045864787177616",101909
Sławomir Nowak,2020,7,"2,3624807790876474",101898
Jerzy VI Windsor,2020,12,"3,3308161291358176",101846
Rozpad ZSRR,2022,2,"5,102956183623009",101721
Wojciech Pszoniak,2020,10,"2,3587173633899274",101581
Powstanie warszawskie,2023,8,"3,1296117844581275",101541
Jacek Kurski,2020,7,"3,9352935334199306",101443
Metoda D’Hondta,2019,10,"2,9916000864215584",101399
Sprawa Tomasza Komendy,2021,2,"3,100136359713472",101393
Theodore Kaczynski,2023,6,"5,047820895753074",101378
Rzeź wołyńska,2016,7,"3,2385147938530676",101281
Izrael,2023,11,"3,0318054229248843",101081
Marek Hłasko,2020,12,"4,049300039780625",101068
Natalia Kaczmarek,2024,8,"2,9977932813905723",100879
Tobiasz Bocheński,2024,2,"4,4183980988992735",100838
NATO,2022,5,"2,7237067783056297",100819
Taco Hemingway,2018,5,"4,153171688954371",100804
Mariupol,2022,3,"2,6955531559831156",100757
Freddie Mercury,2021,9,"3,0500331975722754",100722
G20,2017,7,"3,347392392925634",100721
Steve Jobs,2018,12,"5,183584107159476",100719
NATO,2022,4,"2,7210225316626864",100662
Odra (choroba),2018,11,"4,420586223077116",100521
Wirus Ebola,2020,3,"2,915064054565504",100477
Anita Włodarczyk,2024,8,"2,6756160906748088",100173
